,Player,Age,Team,Position,Games Played,Goals,Assists,PTS,+/-,PIM,PPG,SHG,GWG,Shots,S%,TOI,BLK,HIT,FOW,Season
0,Vitaly Abramov\abramvi01,22,OTT,RW,2,0,0,0,0,0,0,0,0,0,,19,0,0,0,4
1,Noel Acciari\acciano01,29,FLA,C,41,4,7,11,0,9,1,0,1,68,5.9,631,63,91,272,4
2,Calen Addison\addisca01,20,MIN,D,3,0,0,0,0,0,0,0,0,4,0.0,56,1,2,0,4
3,Kenny Agostino\agostke01,28,TOR,LW,1,0,0,0,0,0,0,0,0,0,,4,0,0,0,4
4,Andrew Agozzino\agozzan01,30,ANA,LW,3,0,1,1,0,0,0,0,0,3,0.0,37,7,6,16,4
5,Jack Ahcan\ahcanja01,23,BOS,D,3,0,0,0,-3,0,0,0,0,5,0.0,62,5,2,0,4
6,Sebastian Aho\ahose01,23,CAR,F,56,24,33,57,16,32,7,3,7,148,16.2,1090,25,38,365,4
7,Sebastian Aho\ahose02,24,NYI,D,3,1,1,2,-1,2,0,0,0,4,25.0,40,2,1,0,4
8,Frederic Allard\allarfr01,23,NSH,D,1,0,0,0,-2,0,0,0,0,0,,17,1,0,0,4
9,Wade Allison\alliswa01,23,PHI,RW,14,4,3,7,1,4,1,0,1,24,16.7,181,10,28,0,4
10,Olle Alsing\alsinol01,24,OTT,D,4,0,0,0,-1,0,0,0,0,1,0.0,43,2,4,0,4
11,Mark Alt\altma01,29,LAK,D,2,0,0,0,0,2,0,0,0,3,0.0,27,1,2,0,4
12,Michael Amadio\amadimi01,24,TOT,C,25,0,3,3,-3,4,0,0,0,24,0.0,314,16,8,94,4
13,Joey Anderson\anderjo08,22,TOR,RW,1,0,0,0,1,2,0,0,0,0,,10,3,0,0,4
14,Josh Anderson\anderjo05,26,MTL,RW,52,17,7,24,-10,38,1,1,5,125,13.6,854,25,139,7,4
15,Michael Anderson\andermi02,21,LAK,D,54,1,10,11,0,30,0,0,1,52,1.9,1144,74,66,0,4
16,Jaret Anderson-Dolan\anderja01,21,LAK,C,34,7,4,11,-9,6,1,0,2,37,18.9,459,20,52,132,4
17,Lias Andersson\anderli01,22,LAK,C,23,3,3,6,-4,12,0,0,0,23,13.0,278,9,8,20,4
18,Rasmus Andersson\anderra01,24,CGY,D,56,5,16,21,-9,34,1,0,0,96,5.2,1189,68,49,0,4
19,Andy Andreoff\andrean01,29,PHI,LW,6,0,0,0,-6,9,0,0,0,2,0.0,52,1,14,15,4
20,Anthony Angello\angelan01,24,PIT,C,19,2,2,4,4,8,1,0,0,19,10.5,152,2,51,0,4
21,Artem Anisimov\anisiar01,32,OTT,C,19,2,7,9,1,2,1,0,0,30,6.7,228,9,9,36,4
22,Mason Appleton\applema01,25,WPG,C,56,12,13,25,11,14,0,0,1,88,13.6,807,22,61,7,4
23,Josh Archibald\archijo01,28,EDM,RW,52,7,6,13,2,37,0,0,0,62,11.3,704,35,192,4,4
24,Joel Armia\armiajo01,27,MTL,RW,41,7,7,14,10,10,1,1,0,73,9.6,603,13,86,6,4
25,Viktor Arvidsson\arvidvi01,27,NSH,LW,50,10,15,25,9,21,2,0,2,151,6.6,830,33,15,9,4
26,Rasmus Asplund\asplura01,23,BUF,F,28,7,4,11,1,0,0,0,2,34,20.6,360,3,15,6,4
27,Zach Aston-Reese\astonza01,26,PIT,C,45,9,6,15,10,15,0,1,0,79,11.4,658,24,95,7,4
28,Andreas Athanasiou\athanan01,26,LAK,C,47,10,13,23,-6,27,0,0,1,85,11.8,703,16,11,4,4
29,Cam Atkinson\atkinca01,31,CBJ,RW,56,15,19,34,-16,4,1,4,2,158,9.5,1060,30,22,7,4
30,Nicolas Aube-Kubel\aubekni01,24,PHI,RW,50,3,9,12,-3,44,0,0,0,53,5.7,559,16,120,2,4
31,David Backes\backeda01,36,ANA,C,15,3,1,4,-4,4,0,0,1,30,10.0,191,16,31,81,4
32,Mikael Backlund\backlmi01,31,CGY,C,54,9,23,32,-7,30,0,1,1,144,6.3,950,21,43,387,4
33,Nicklas Backstrom\backsni02,33,WSH,C,55,15,38,53,0,14,5,0,0,91,16.5,1023,27,25,353,4
34,Kevin Bahl\bahlke01,20,NJD,D,7,0,2,2,0,0,0,0,0,5,0.0,118,6,18,0,4
35,Josh Bailey\bailejo01,31,NYI,C,54,8,27,35,12,4,0,0,1,77,10.4,945,19,13,14,4
36,Justin Bailey\baileju01,25,VAN,RW,3,0,0,0,-2,2,0,0,0,6,0.0,20,0,2,0,4
37,Rudolfs Balcers\balceru01,23,SJS,LW,41,8,9,17,-6,16,0,0,2,66,12.1,603,29,81,0,4
38,Alexander Barabanov\barabal01,26,TOT,F,22,3,5,8,1,6,1,0,1,23,13.0,271,14,7,0,4
39,Ivan Barbashev\barbaiv01,25,STL,C,38,5,7,12,5,6,1,0,1,43,11.6,507,15,49,82,4
40,Aleksander Barkov\barkoal01,25,FLA,C,50,26,32,58,12,14,7,1,6,176,14.8,1047,37,31,563,4
41,Alex Barre-Boulet\barreal01,23,TBL,F,15,3,0,3,0,0,2,0,0,26,11.5,229,5,8,1,4
42,Tyson Barrie\barrity01,29,EDM,D,56,8,40,48,5,10,4,0,2,146,5.5,1198,59,26,0,4
43,Morgan Barron\barromo01,22,NYR,C,5,1,0,1,-1,2,0,0,0,3,33.3,68,2,12,9,4
44,Matt Bartkowski\bartkma01,32,MIN,D,1,0,0,0,-1,0,0,0,0,2,0.0,13,1,1,0,4
45,Mathew Barzal\barzama01,23,NYI,C,55,17,28,45,15,48,1,0,1,134,12.7,1030,13,22,152,4
46,Nathan Bastian\bastina01,23,NJD,RW,41,3,7,10,0,21,0,0,0,46,6.5,517,25,136,12,4
47,Drake Batherson\bathedr01,22,OTT,C,56,17,17,34,-17,8,5,0,3,111,15.3,923,29,102,5,4
48,Gavin Bayreuther\bayrega01,26,CBJ,D,9,1,0,1,-1,7,0,0,0,16,6.3,138,4,12,0,4
49,Jay Beagle\beaglja01,35,VAN,RW,30,1,4,5,-2,8,0,0,0,21,4.8,376,8,34,173,4
50,Jake Bean\beanja01,22,CAR,D,42,1,11,12,-2,10,1,0,0,55,1.8,611,21,17,0,4
51,Ethan Bear\bearet01,23,EDM,D,43,2,6,8,-1,14,0,0,1,53,3.8,772,55,31,0,4
52,Nicolas Beaudin\beaudni01,21,CHI,D,19,2,4,6,1,2,0,0,0,7,28.6,262,21,14,0,4
53,Nathan Beaulieu\beaulna01,28,WPG,D,25,0,1,1,-5,20,0,0,0,26,0.0,418,30,39,0,4
54,Anthony Beauvillier\beauvan01,23,NYI,LW,47,15,13,28,15,12,3,0,5,109,13.8,771,13,39,2,4
55,Pierre-Edouard Bellemare\bellepi01,35,COL,LW,53,9,2,11,6,21,0,0,0,60,15.0,600,36,26,260,4
56,Kieffer Bellows\belloki01,22,NYI,LW,14,3,0,3,0,4,0,0,1,19,15.8,154,5,36,2,4
57,Louis Belpedio\belpelo01,24,MIN,D,1,0,0,0,-1,0,0,0,0,2,0.0,14,1,3,0,4
58,Alex Belzile\belzial01,29,MTL,F,2,0,1,1,-1,0,0,0,0,3,0.0,21,0,2,4,4
59,Emil Bemstrom\bemstem01,21,CBJ,C,20,3,2,5,2,0,1,0,0,28,10.7,257,8,15,0,4
60,Jamie Benn\bennja01,31,DAL,LW,52,11,24,35,13,33,3,0,2,124,8.9,925,27,73,268,4
61,Jordie Benn\bennjo01,33,TOT,D,39,1,9,10,7,9,0,0,0,45,2.2,575,51,19,0,4
62,Sam Bennett\bennesa01,24,TOT,C,48,10,17,27,-2,52,1,0,4,106,9.4,692,18,108,124,4
63,Matt Benning\bennima01,26,NSH,D,53,1,3,4,-1,30,0,0,0,43,2.3,865,53,55,0,4
64,Simon Benoit\benoisi01,22,ANA,D,6,0,0,0,-3,2,0,0,0,3,0.0,103,9,20,0,4
65,Patrice Bergeron\bergepa01,35,BOS,C,54,23,25,48,27,16,7,3,3,182,12.6,984,36,49,714,4
66,Lean Bergmann\bergmle01,22,SJS,F,1,0,0,0,-1,4,0,0,0,1,0.0,10,1,3,0,4
67,Jacob Bernard-Docker\bernaja01,20,OTT,D,5,0,0,0,2,0,0,0,0,6,0.0,68,5,3,0,4
68,Tyler Bertuzzi\bertuty01,25,DET,LW,9,5,2,7,0,4,3,0,1,20,25.0,177,3,13,1,4
69,Alex Biega\biegaal01,32,DET,D,13,0,3,3,-1,4,0,0,0,4,0.0,139,11,22,0,4
70,Clark Bishop\bishocl01,24,OTT,C,13,0,3,3,2,4,0,0,0,16,0.0,123,8,23,36,4
71,Anthony Bitetto\bitetan01,30,NYR,D,14,1,3,4,-8,20,0,0,0,12,8.3,202,10,21,0,4
72,Anders Bjork\bjorkan01,24,TOT,LW,45,5,6,11,-13,14,0,0,0,41,12.2,625,13,48,0,4
73,Oliver Bjorkstrand\bjorkol01,25,CBJ,RW,56,18,26,44,-15,23,2,0,0,143,12.6,986,30,42,3,4
74,Tobias Bjornfot\bjornto01,19,LAK,D,33,1,5,6,-3,14,0,0,0,30,3.3,556,34,28,0,4
75,Nick Bjugstad\bjugsni01,28,MIN,C,44,6,11,17,7,17,0,0,3,78,7.7,520,22,48,125,4
76,Colin Blackwell\blackco01,27,NYR,C,47,12,10,22,2,15,3,0,2,64,18.8,658,19,45,30,4
77,Sammy Blais\blaissa01,24,STL,LW,36,8,7,15,0,12,0,0,2,31,25.8,434,10,103,3,4
78,Joachim Blichfeld\blichjo01,22,SJS,W,5,1,0,1,-2,12,0,0,0,3,33.3,43,2,2,0,4
79,Anton Blidh\blidhan01,25,BOS,LW,10,1,0,1,-5,6,0,0,0,10,10.0,108,4,25,0,4
80,Teddy Blueger\bluegte01,26,PIT,C,43,7,15,22,10,16,0,3,1,49,14.3,639,25,53,201,4
81,Brock Boeser\boesebr01,23,VAN,RW,56,23,26,49,-3,16,8,1,1,141,16.3,1082,20,32,8,4
82,Zach Bogosian\bogosza01,30,TOR,D,45,0,4,4,7,49,0,0,0,36,0.0,654,31,67,0,4
83,Nick Bonino\boninni01,32,MIN,C,55,10,16,26,0,26,3,0,2,66,15.2,817,50,11,365,4
84,Adam Boqvist\boqviad01,20,CHI,D,35,2,14,16,-7,14,1,0,0,39,5.1,595,29,29,0,4
85,Jesper Boqvist\boqvije01,22,NJD,C,28,4,3,7,-5,2,0,0,1,34,11.8,312,10,15,28,4
86,William Borgen\borgewi01,24,BUF,D,10,0,0,0,-4,4,0,0,0,7,0.0,163,14,30,0,4
87,Andreas Borgman\borgman01,25,TBL,D,7,0,2,2,-2,4,0,0,0,7,0.0,84,3,10,0,4
88,Mark Borowiecki\borowma01,31,NSH,D,22,0,1,1,-2,38,0,0,0,18,0.0,301,37,54,0,4
89,Robert Bortuzzo\borturo01,31,STL,D,40,1,4,5,-3,47,0,0,1,31,3.2,567,49,85,0,4
90,Evan Bouchard\bouchev01,21,EDM,D,14,2,3,5,-2,2,1,0,0,38,5.3,208,11,11,0,4
91,Madison Bowey\boweyma01,25,CHI,D,2,0,1,1,1,0,0,0,0,0,,22,1,4,0,4
92,Travis Boyd\boydtr01,27,TOT,C,39,5,5,10,-5,2,1,0,0,23,21.7,418,15,18,75,4
93,Tyler Bozak\bozakty01,34,STL,C,31,5,12,17,-3,10,1,2,0,35,14.3,462,20,17,217,4
94,Erik Brannstrom\branner01,21,OTT,D,30,2,11,13,3,25,1,0,0,42,4.8,491,18,26,0,4
95,Derick Brassard\brassde01,33,ARI,C,53,8,12,20,-10,12,4,0,1,67,11.9,784,5,80,229,4
96,Jesper Bratt\brattje01,22,NJD,W,46,7,23,30,4,8,2,0,1,101,6.9,740,18,31,3,4
97,Justin Braun\braunju01,33,PHI,D,53,1,5,6,0,18,0,0,0,59,1.7,982,73,78,0,4
98,Guillaume Brisebois\brisegu01,23,VAN,D,1,0,0,0,0,0,0,0,0,0,,12,3,0,0,4
99,T.J. Brodie\broditj01,30,TOR,D,56,1,13,14,23,12,0,0,0,48,2.1,1207,84,34,0,4
100,Jonas Brodin\brodijo01,27,MIN,D,53,9,14,23,2,18,1,0,2,79,11.4,1189,99,35,0,4
101,Jonny Brodzinski\brodzjo01,27,NYR,C,5,1,0,1,0,4,0,0,0,7,14.3,57,2,4,0,4
102,Mathias Brome\bromema01,26,DET,F,26,1,1,2,-9,8,0,0,1,22,4.5,355,7,19,1,4
103,Adam Brooks\brookad01,24,TOR,C,11,4,1,5,4,0,1,1,0,10,40.0,117,2,14,7,4
104,Connor Brown\brownco02,27,OTT,RW,56,21,14,35,1,12,1,5,1,123,17.1,1022,30,22,12,4
105,Dustin Brown\browndu01,36,LAK,RW,49,17,14,31,-3,18,9,0,1,129,13.2,863,10,85,2,4
106,Josh Brown\brownjo01,27,OTT,D,26,0,1,1,-1,30,0,0,0,8,0.0,368,40,71,0,4
107,Logan Brown\brownlo01,22,OTT,C,1,0,0,0,0,2,0,0,0,0,,10,0,0,0,4
108,Patrick Brown\brownpa02,28,VEG,C,4,0,0,0,0,2,0,0,0,5,0.0,36,2,7,16,4
109,Jacob Bryson\brysoja01,23,BUF,D,38,1,8,9,-1,12,0,0,0,24,4.2,724,43,32,0,4
110,Pavel Buchnevich\buchnpa01,25,NYR,LW,54,20,28,48,12,42,1,3,2,120,16.7,1012,29,49,4,4
111,Connor Bunnaman\bunnaco01,22,PHI,F,18,0,1,1,-6,2,0,0,0,15,0.0,208,6,31,56,4
112,Michael Bunting\buntimi01,25,ARI,LW,21,10,3,13,-1,12,3,0,1,38,26.3,351,1,28,7,4
113,Andre Burakovsky\burakan01,25,COL,LW,53,19,25,44,4,10,4,0,3,102,18.6,800,16,22,2,4
114,Brent Burns\burnsbr01,35,SJS,D,56,7,22,29,-12,36,2,0,1,138,5.1,1463,94,31,0,4
115,Kyle Burroughs\burroky01,25,COL,D,5,0,1,1,1,5,0,0,0,3,0.0,50,2,10,0,4
116,Will Butcher\butchwi01,26,NJD,D,23,1,10,11,-3,2,0,0,0,37,2.7,438,28,7,0,4
117,Quinton Byfield\byfiequ01,18,LAK,C,6,0,1,1,1,2,0,0,0,9,0.0,90,3,3,26,4
118,Bowen Byram\byrambo01,19,COL,D,19,0,2,2,1,23,0,0,0,21,0.0,333,13,33,0,4
119,Paul Byron\byronpa01,31,MTL,LW,46,5,11,16,5,12,0,1,1,44,11.4,591,22,116,11,4
120,Nicholas Caamano\caamani01,22,DAL,RW,24,0,1,1,-7,17,0,0,0,33,0.0,224,8,41,1,4
121,Drake Caggiula\caggidr01,26,TOT,LW,38,3,7,10,-6,19,0,0,0,46,6.5,471,9,64,5,4
122,Matt Calvert\calvema01,31,COL,LW,18,0,3,3,-2,6,0,0,0,26,0.0,249,8,12,0,4
123,Kyle Capobianco\capobky01,23,ARI,D,2,0,0,0,-2,2,0,0,0,3,0.0,29,2,1,0,4
124,Brandon Carlo\carlobr01,24,BOS,D,27,3,1,4,1,12,0,0,1,43,7.0,505,35,38,0,4
125,John Carlson\carlsjo01,31,WSH,D,52,10,34,44,-5,12,3,0,1,128,7.8,1237,69,52,0,4
126,Gabriel Carlsson\carlsga01,24,CBJ,D,14,1,3,4,-6,4,0,0,0,14,7.1,207,12,11,0,4
127,Lucas Carlsson\carlslu01,23,CHI,D,12,0,1,1,1,2,0,0,0,10,0.0,157,3,6,0,4
128,Ryan Carpenter\carpery01,30,CHI,C,40,4,1,5,-10,19,1,1,0,51,7.8,508,17,78,61,4
129,Daniel Carr\carrda01,29,WSH,LW,6,0,1,1,-2,2,0,0,0,5,0.0,61,4,10,0,4
130,Connor Carrick\carrico01,26,NJD,D,11,1,1,2,-2,5,0,0,0,8,12.5,205,24,11,0,4
131,Sam Carrick\carrisa01,28,ANA,C,13,2,4,6,4,28,0,0,0,23,8.7,168,3,29,33,4
132,Alexandre Carrier\carrial01,24,NSH,D,19,1,2,3,3,8,0,0,0,31,3.2,381,31,22,0,4
133,William Carrier\carriwi01,26,VEG,LW,52,6,9,15,0,16,0,0,0,65,9.2,541,13,131,3,4
134,Jeff Carter\carteje01,36,TOT,C,54,17,13,30,3,22,2,0,1,154,11.0,895,30,41,153,4
135,Jackson Cates\catesja01,23,PHI,C,4,0,1,1,-3,0,0,0,0,7,0.0,42,0,0,13,4
136,Cole Caufield\caufico01,20,MTL,RW,10,4,1,5,-1,2,0,0,2,30,13.3,140,0,3,0,4
137,Cody Ceci\cecico01,27,PIT,D,53,4,13,17,18,10,0,0,1,58,6.9,981,70,74,0,4
138,Erik Cernak\cernaer01,23,TBL,D,46,5,13,18,8,38,0,0,0,85,5.9,910,46,98,0,4
139,Thomas Chabot\chaboth01,24,OTT,D,49,6,25,31,-15,36,1,0,1,120,5.0,1288,72,68,0,4
140,Michael Chaput\chapumi01,28,ARI,C,13,0,0,0,-7,10,0,0,0,3,0.0,122,8,19,35,4
141,Zdeno Chara\charazd01,43,WSH,D,55,2,8,10,5,44,0,0,0,67,3.0,1008,67,88,0,4
142,Jalen Chatfield\chatfja01,24,VAN,D,18,0,1,1,-11,12,0,0,0,14,0.0,242,10,11,0,4
143,Ivan Chekhovich\chekhiv01,22,SJS,LW,4,0,1,1,-3,0,0,0,0,5,0.0,42,2,0,0,4
144,Ben Chiarot\chiarbe01,29,MTL,D,41,1,6,7,-16,50,1,0,0,81,1.2,893,60,77,0,4
145,Alex Chiasson\chiasal01,30,EDM,RW,45,9,7,16,-10,33,5,0,1,65,13.8,562,7,40,2,4
146,Filip Chlapik\chlapfi01,23,OTT,C,1,0,0,0,1,0,0,0,0,1,0.0,7,0,1,0,4
147,Sasha Chmelevski\chmelal01,21,SJS,C,5,0,2,2,-2,2,0,0,0,8,0.0,49,1,7,4,4
148,Dennis Cholowski\cholode01,22,DET,D,16,1,2,3,-1,4,0,0,0,10,10.0,254,18,5,0,4
149,Jakob Chychrun\chychja01,22,ARI,D,56,18,23,41,-6,42,5,0,3,176,10.2,1310,89,59,0,4
150,Filip Chytil\chytifi01,21,NYR,C,42,8,14,22,9,10,0,0,0,76,10.5,555,19,15,130,4
151,Anthony Cirelli\cirelan01,23,TBL,C,50,9,13,22,0,10,1,2,3,75,12.0,887,32,64,227,4
152,Casey Cizikas\cizikca01,29,NYI,C,56,7,7,14,-2,27,0,0,3,72,9.7,775,25,112,340,4
153,Fredrik Claesson\claesfr01,28,TOT,D,6,0,0,0,0,12,0,0,0,4,0.0,74,7,10,0,4
154,Kale Clague\claguka01,22,LAK,D,18,0,6,6,-6,4,0,0,0,24,0.0,310,13,9,0,4
155,Kyle Clifford\cliffky01,30,STL,LW,50,4,3,7,-5,30,0,0,0,65,6.2,497,17,69,6,4
156,Connor Clifton\cliftco01,25,BOS,D,44,1,6,7,10,38,0,0,0,48,2.1,802,52,108,0,4
157,Cal Clutterbuck\cluttca01,33,NYI,RW,50,4,7,11,-5,10,0,1,1,50,8.0,672,23,191,0,4
158,Braydon Coburn\coburbr01,35,TOT,D,19,0,2,2,-3,14,0,0,0,18,0.0,305,20,27,0,4
159,Dylan Coghlan\coghldy01,22,VEG,D,29,3,3,6,-3,2,0,0,0,31,9.7,391,16,29,0,4
160,Andrew Cogliano\coglian01,33,DAL,LW,54,5,6,11,-8,24,0,1,0,88,5.7,752,24,79,4,4
161,Ian Cole\coleia01,31,TOT,D,54,1,7,8,21,32,0,0,1,30,3.3,857,94,38,0,4
162,Blake Coleman\colembl01,29,TBL,C,55,14,17,31,15,37,1,1,3,122,11.5,851,20,109,2,4
163,Ross Colton\coltoro01,24,TBL,C,30,9,3,12,3,16,0,0,4,46,19.6,317,6,36,101,4
164,Blake Comeau\comeabl01,34,DAL,RW,51,4,10,14,-13,37,0,0,0,76,5.3,803,18,106,53,4
165,J.T. Compher\comphj.01,25,COL,LW,48,10,8,18,10,19,1,0,2,47,21.3,682,38,32,216,4
166,Max Comtois\comtoma01,22,ANA,LW,55,16,17,33,3,40,1,0,3,94,17.0,851,34,93,12,4
167,Kevin Connauton\connake01,30,FLA,D,7,0,1,1,4,7,0,0,0,5,0.0,100,3,12,0,4
168,Brett Connolly\connobr01,28,TOT,RW,31,3,3,6,3,4,0,0,0,26,11.5,376,8,44,4,4
169,Kyle Connor\connoky01,24,WPG,LW,56,26,24,50,-4,12,10,0,5,166,15.7,1049,18,18,6,4
170,Andrew Copp\coppan01,26,WPG,C,55,15,24,39,2,20,6,0,1,115,13.0,1004,41,67,123,4
171,Nick Cousins\cousini01,27,NSH,C,52,5,13,18,4,41,0,0,1,60,8.3,695,16,48,19,4
172,Logan Couture\coutulo01,31,SJS,C,53,17,14,31,-10,25,2,1,2,114,14.9,1021,39,58,444,4
173,Sean Couturier\coutuse01,28,PHI,C,45,18,23,41,-4,8,3,0,4,120,15.0,870,22,34,427,4
174,Charlie Coyle\coylech01,28,BOS,C,51,6,10,16,-4,20,0,1,2,79,7.6,831,24,57,245,4
175,Dylan Cozens\cozendy01,19,BUF,C,41,4,9,13,-15,16,1,0,0,62,6.5,589,11,30,96,4
176,Joseph Cramarossa\cramajo01,28,MIN,C,4,0,1,1,-1,15,0,0,0,3,0.0,43,1,10,0,4
177,Sidney Crosby\crosbsi01,33,PIT,C,55,24,38,62,8,26,5,1,5,159,15.1,1122,28,44,676,4
178,Lawson Crouse\crousla01,23,ARI,LW,51,4,9,13,-10,46,0,0,0,70,5.7,729,30,155,20,4
179,Josh Currie\currijo01,28,PIT,RW,1,0,0,0,0,0,0,0,0,0,,7,0,0,2,4
180,Austin Czarnik\czarnau01,28,NYI,C,4,0,0,0,-1,0,0,0,0,2,0.0,50,2,2,7,4
181,Kevin Czuczman\czuczke01,30,PIT,D,2,0,0,0,-3,0,0,0,0,2,0.0,23,2,1,0,4
182,Kirby Dach\dachki01,20,CHI,C,18,2,8,10,-3,4,1,0,0,26,7.7,334,12,7,77,4
183,Evgenii Dadonov\dadonev01,31,OTT,RW,55,13,7,20,-9,4,0,0,3,89,14.6,857,26,38,0,4
184,Rasmus Dahlin\dahlira01,20,BUF,D,56,5,18,23,-36,26,1,0,0,115,4.3,1210,45,80,0,4
185,Michael Dal Colle\dalcomi01,24,NYI,LW,26,1,3,4,1,4,0,0,0,19,5.3,310,9,32,1,4
186,Zac Dalpe\dalpeza01,31,CBJ,RW,12,2,1,3,-2,0,0,0,0,22,9.1,127,8,11,18,4
187,Phillip Danault\danauph01,27,MTL,C,53,5,19,24,9,24,0,0,0,73,6.8,894,28,76,476,4
188,Brandon Davidson\davidbr01,29,BUF,D,6,0,0,0,-4,4,0,0,0,7,0.0,92,5,14,0,4
189,Jeremy Davies\davieje01,24,NSH,D,16,0,1,1,3,8,0,0,0,19,0.0,241,7,11,0,4
190,Calvin de Haan\dehaaca01,29,CHI,D,44,1,9,10,-16,14,0,0,1,58,1.7,819,85,99,0,4
191,Jacob de La Rose\delarja01,25,STL,LW,13,0,1,1,-2,7,0,0,0,13,0.0,133,8,22,34,4
192,Chase De Leo\deleoch01,25,ANA,C,1,0,0,0,-2,0,0,0,0,1,0.0,13,0,1,4,4
193,Jean-Sebastien Dea\deaje01,26,BUF,C,1,0,0,0,-1,2,0,0,0,2,0.0,6,0,0,0,4
194,Anthony DeAngelo\deangan01,25,NYR,D,6,0,1,1,-6,4,0,0,0,13,0.0,111,6,3,0,4
195,Alex DeBrincat\debrial01,23,CHI,RW,52,32,24,56,3,12,9,1,7,155,20.6,1068,22,70,16,4
196,Jake DeBrusk\debruja01,24,BOS,LW,41,5,9,14,1,6,2,0,1,92,5.4,611,20,33,6,4
197,Danny DeKeyser\dekeyda01,30,DET,D,47,4,8,12,3,18,0,0,0,43,9.3,851,81,44,0,4
198,Michael Del Zotto\delzomi01,30,CBJ,D,53,4,9,13,5,8,0,0,0,77,5.2,948,54,125,0,4
199,Ty Dellandrea\dellaty01,20,DAL,C,26,3,2,5,0,23,2,0,0,31,9.7,325,10,47,45,4
200,Dylan DeMelo\demeldy01,27,WPG,D,52,0,9,9,10,20,0,0,0,44,0.0,882,58,76,0,4
201,Jason Demers\demerja01,32,ARI,D,41,0,4,4,-4,26,0,0,0,44,0.0,707,30,69,0,4
202,Grigori Denisenko\denisgr01,20,FLA,LW,7,0,4,4,1,2,0,0,0,6,0.0,84,2,15,1,4
203,Travis Dermott\dermotr01,24,TOR,D,51,2,4,6,-1,19,0,0,0,36,5.6,674,35,44,0,4
204,Nicolas Deslauriers\deslani01,29,ANA,LW,49,5,5,10,-7,53,0,0,2,65,7.7,555,20,136,1,4
205,Phillip Di Giuseppe\digiuph01,27,NYR,LW,31,1,7,8,2,13,0,0,0,44,2.3,344,16,78,3,4
206,Jason Dickinson\dickija01,25,DAL,C,51,7,8,15,-2,18,0,0,2,66,10.6,826,49,78,137,4
207,Brenden Dillon\dillobr01,30,WSH,D,56,2,17,19,15,49,0,0,0,51,3.9,1061,61,143,0,4
208,Christian Djoos\djoosch01,26,DET,D,36,2,9,11,-13,14,1,0,0,39,5.1,543,26,10,0,4
209,Noah Dobson\dobsono01,21,NYI,D,46,3,11,14,1,8,0,0,0,69,4.3,754,59,40,0,4
210,Max Domi\domima01,25,CBJ,LW,54,9,15,24,-18,75,2,0,2,99,9.1,822,10,15,192,4
211,Ryan Donato\donatry01,24,SJS,C,50,6,14,20,-10,10,2,0,1,104,5.8,631,21,50,27,4
212,Joonas Donskoi\donskjo01,28,COL,RW,51,17,14,31,14,10,5,0,3,86,19.8,742,25,14,13,4
213,Drew Doughty\doughdr01,31,LAK,D,56,8,26,34,-14,26,6,0,0,101,7.9,1477,83,91,0,4
214,Nic Dowd\dowdni01,30,WSH,C,56,11,4,15,4,31,0,0,3,68,16.2,805,40,109,432,4
215,Justin Dowling\dowliju01,30,DAL,C,27,1,4,5,-4,6,0,0,0,27,3.7,299,3,17,43,4
216,Leon Draisaitl\draisle01,25,EDM,C,56,31,53,84,29,22,15,1,8,168,18.5,1243,12,37,574,4
217,Sheldon Dries\driessh01,26,COL,C,3,0,0,0,1,4,0,0,0,1,0.0,23,0,6,0,4
218,Jonathan Drouin\drouijo01,25,MTL,LW,44,2,21,23,-8,20,0,0,0,76,2.6,708,7,42,21,4
219,Jamie Drysdale\drysdja01,18,ANA,D,24,3,5,8,-12,6,0,0,0,28,10.7,470,23,7,0,4
220,Dillon Dube\dubedi01,22,CGY,C,51,11,11,22,-1,20,2,0,0,84,13.1,696,14,59,9,4
221,Pierre-Luc Dubois\duboipi01,22,TOT,LW,46,9,12,21,-8,38,1,0,3,76,11.8,691,26,59,166,4
222,Matt Duchene\duchema01,30,NSH,C,34,6,7,13,-12,6,1,0,0,73,8.2,538,10,30,162,4
223,Anthony Duclair\duclaan01,25,FLA,LW,43,10,22,32,27,18,1,0,1,104,9.6,674,9,32,0,4
224,Mathew Dumba\dumbama01,26,MIN,D,51,6,15,21,1,46,1,0,1,89,6.7,1136,75,74,0,4
225,Brian Dumoulin\dumoubr01,29,PIT,D,41,4,10,14,18,12,0,0,0,50,8.0,917,55,63,0,4
226,Vince Dunn\dunnvi02,24,STL,D,43,6,14,20,-8,18,2,0,0,73,8.2,828,51,36,0,4
227,Joshua Dunne\dunnejo01,22,CBJ,C,6,0,0,0,-1,4,0,0,0,7,0.0,62,7,12,6,4
228,Christian Dvorak\dvorach01,24,ARI,C,56,17,14,31,-11,12,8,1,4,95,17.9,1031,45,48,553,4
229,Ryan Dzingel\dzingry01,28,TOT,C,40,8,5,13,-5,21,2,0,0,48,16.7,508,10,44,3,4
230,Cody Eakin\eakinco01,29,BUF,C,46,3,4,7,-9,14,0,0,0,39,7.7,595,20,33,271,4
231,Jordan Eberle\eberljo01,30,NYI,RW,55,16,17,33,9,16,1,0,2,128,12.5,922,18,30,3,4
232,Alexander Edler\edleral01,34,VAN,D,52,0,8,8,-8,58,0,0,0,99,0.0,1087,118,80,0,4
233,Joel Edmundson\edmunjo01,27,MTL,D,55,3,10,13,28,25,0,0,0,77,3.9,1103,75,98,0,4
234,Nikolaj Ehlers\ehlerni01,24,WPG,LW,47,21,25,46,15,15,6,0,5,148,14.2,795,12,26,1,4
235,Jack Eichel\eicheja01,24,BUF,C,21,2,16,18,-9,6,1,0,1,61,3.3,430,15,20,195,4
236,Aaron Ekblad\ekblaaa01,24,FLA,D,35,11,11,22,5,33,6,0,3,101,10.9,878,27,24,0,4
237,Mattias Ekholm\ekholma01,30,NSH,D,48,6,17,23,19,14,0,0,2,110,5.5,1098,46,23,0,4
238,Oliver Ekman-Larsson\ekmanol01,29,ARI,D,46,3,21,24,-17,32,2,0,0,83,3.6,965,26,72,0,4
239,Lars Eller\ellerla01,31,WSH,C,44,8,15,23,-1,21,0,0,2,69,11.6,719,16,36,332,4
240,Ryan Ellis\ellisry01,30,NSH,D,35,5,13,18,1,10,2,0,0,75,6.7,832,63,21,0,4
241,Pierre Engvall\engvapi01,24,TOR,LW,42,7,5,12,2,16,0,0,1,61,11.5,501,12,43,102,4
242,Tyler Ennis\ennisty01,31,EDM,C,30,3,6,9,0,6,0,0,2,38,7.9,364,6,43,6,4
243,Mackenzie Entwistle\entwima01,21,CHI,RW,5,1,1,2,1,2,0,0,0,6,16.7,49,2,10,6,4
244,Loui Eriksson\erikslo01,35,VAN,LW,7,0,1,1,-3,2,0,0,0,5,0.0,67,1,1,1,4
245,Joel Eriksson Ek\eriksjo02,24,MIN,C,56,19,11,30,16,20,0,0,2,119,16.0,955,37,105,395,4
246,Adam Erne\ernead01,25,DET,LW,45,11,9,20,-1,26,3,0,0,71,15.5,626,16,82,20,4
247,Jake Evans\evansja02,24,MTL,C,47,3,10,13,2,29,0,1,0,55,5.5,556,26,79,203,4
248,Robby Fabbri\fabbrro01,25,DET,C,30,10,8,18,3,16,0,0,5,58,17.2,518,17,34,83,4
249,Dante Fabbro\fabbrda01,22,NSH,D,40,2,10,12,-1,23,1,0,1,59,3.4,773,57,32,0,4
250,Radek Faksa\faksara01,27,DAL,C,55,6,8,14,-15,30,1,1,0,94,6.4,959,45,100,424,4
251,Joel Farabee\farabjo01,20,PHI,LW,55,20,18,38,0,28,3,0,1,122,16.4,881,21,48,6,4
252,David Farrance\farrada01,21,NSH,D,2,0,0,0,3,0,0,0,0,3,0.0,36,1,1,0,4
253,Hudson Fasching\faschhu01,25,ARI,RW,5,0,0,0,-3,0,0,0,0,7,0.0,47,1,6,0,4
254,Jesper Fast\fastje01,29,CAR,RW,46,6,13,19,-4,14,1,0,1,38,15.8,704,23,78,13,4
255,Justin Faulk\faulkju01,28,STL,D,56,7,18,25,11,35,1,0,2,117,6.0,1359,87,127,0,4
256,Mario Ferraro\ferrama01,22,SJS,D,56,1,16,17,-6,22,0,0,0,58,1.7,1256,96,155,0,4
257,Kevin Fiala\fialake01,24,MIN,LW,50,20,20,40,-2,43,6,0,5,162,12.3,845,13,27,5,4
258,Valtteri Filppula\filppva01,36,DET,C,38,6,9,15,-1,12,0,0,1,25,24.0,593,15,9,109,4
259,Christian Fischer\fischch01,23,ARI,RW,52,3,8,11,-10,6,0,0,0,47,6.4,663,27,148,12,4
260,Haydn Fleury\fleurha01,24,TOT,D,47,3,1,4,-12,8,0,0,0,62,4.8,724,55,63,0,4
261,Warren Foegele\foegewa01,24,CAR,LW,53,10,10,20,4,20,0,0,1,91,11.0,750,12,60,18,4
262,Steven Fogarty\fogarst01,27,BUF,C,9,1,2,3,2,8,0,0,0,5,20.0,106,10,4,7,4
263,Marcus Foligno\foligma01,29,MIN,LW,39,11,15,26,19,49,0,1,2,40,27.5,584,17,109,2,4
264,Nick Foligno\foligni01,33,TOT,LW,49,7,13,20,2,32,1,0,0,81,8.6,871,37,133,117,4
265,Callan Foote\footeca01,22,TBL,D,35,1,2,3,9,29,0,0,0,40,2.5,451,29,39,0,4
266,Nolan Foote\footeno01,20,NJD,LW,6,1,1,2,-1,0,0,0,0,5,20.0,58,1,5,0,4
267,Derek Forbort\forbode01,28,WPG,D,56,2,10,12,1,35,0,0,0,67,3.0,1162,115,80,0,4
268,Alex Formenton\formeal01,21,OTT,LW,20,4,2,6,6,6,0,1,0,27,14.8,240,8,23,1,4
269,Filip Forsberg\forsbfi01,26,NSH,C,39,12,20,32,-9,16,3,0,3,129,9.3,713,14,47,3,4
270,Gustav Forsling\forslgu02,24,FLA,D,43,5,12,17,17,8,1,0,0,94,5.3,858,42,30,0,4
271,Liam Foudy\foudyli01,20,CBJ,C,24,0,4,4,0,6,0,0,0,40,0.0,302,5,13,2,4
272,Cam Fowler\fowleca01,29,ANA,D,56,5,18,23,-4,18,0,0,1,75,6.7,1219,36,27,0,4
273,Adam Fox\foxad01,22,NYR,D,55,5,42,47,19,14,2,1,1,102,4.9,1359,102,23,0,4
274,Trent Frederic\fredetr01,22,BOS,C,42,4,1,5,-8,65,0,0,3,44,9.1,473,15,61,37,4
275,Mark Friedman\friedma01,25,TOT,D,9,2,1,3,1,9,0,0,0,9,22.2,99,7,14,0,4
276,Martin Frk\frkma01,27,LAK,RW,1,0,0,0,-1,0,0,0,0,0,,9,0,1,0,4
277,Byron Froese\froesby01,29,CGY,C,6,1,0,1,1,2,0,0,0,2,50.0,50,4,8,12,4
278,Michael Frolik\frolimi01,32,MTL,LW,8,0,0,0,-3,0,0,0,0,14,0.0,92,1,9,6,4
279,Morgan Frost\frostmo01,21,PHI,C,2,0,0,0,0,0,0,0,0,0,,20,0,0,10,4
280,Kurtis Gabriel\gabriku01,27,SJS,RW,11,0,0,0,1,55,0,0,0,4,0.0,84,10,46,0,4
281,Jonah Gadjovich\gadjojo01,22,VAN,LW,1,0,0,0,-1,17,0,0,0,0,,5,0,1,0,4
282,Sam Gagner\gagnesa01,31,DET,C,42,7,8,15,-4,15,1,0,1,88,8.0,649,14,5,83,4
283,Alex Galchenyuk\galchal01,26,TOT,C,34,5,8,13,-8,20,1,0,0,62,8.1,432,10,44,3,4
284,Brendan Gallagher\gallabr01,28,MTL,RW,35,14,9,23,10,16,3,0,2,106,13.2,525,12,46,23,4
285,Dylan Gambrell\gambrdy01,24,SJS,C,49,5,7,12,-18,13,0,1,1,48,10.4,785,54,77,279,4
286,Jake Gardiner\gardija01,30,CAR,D,26,0,8,8,-1,11,0,0,0,23,0.0,417,15,15,0,4
287,Rhett Gardner\gardnrh01,24,DAL,C,28,1,1,2,-9,8,0,0,0,23,4.3,279,11,52,43,4
288,Conor Garland\garlaco01,24,ARI,RW,49,12,27,39,-3,26,3,0,1,135,8.9,878,19,26,7,4
289,Adam Gaudette\gaudead01,24,TOT,C,40,5,6,11,-15,12,0,0,0,66,7.6,445,22,16,53,4
290,Frederick Gaudreau\gaudrfr01,27,PIT,C,19,2,8,10,10,2,0,0,0,20,10.0,248,9,9,87,4
291,Johnny Gaudreau\gaudrjo01,27,CGY,LW,56,19,30,49,2,6,7,0,5,112,17.0,1031,9,8,0,4
292,Frederik Gauthier\gauthfr01,25,ARI,C,2,0,0,0,0,2,0,0,0,1,0.0,13,1,1,6,4
293,Julien Gauthier\gauthju01,23,NYR,RW,30,2,6,8,-6,14,0,0,0,38,5.3,289,9,56,4,4
294,Vladislav Gavrikov\gavrivl01,25,CBJ,D,55,2,10,12,-13,14,0,0,1,48,4.2,1067,77,69,0,4
295,Glenn Gawdin\gawdigl01,23,CGY,C,7,0,1,1,-1,0,0,0,0,1,0.0,48,1,12,19,4
296,Morgan Geekie\geekimo01,22,CAR,C,36,3,6,9,1,10,2,0,0,30,10.0,352,6,28,74,4
297,Nathan Gerbe\gerbena01,33,CBJ,C,9,1,2,3,0,2,0,0,0,9,11.1,100,2,8,7,4
298,Timothy Gettinger\gettiti01,22,NYR,LW,2,0,0,0,-2,0,0,0,0,2,0.0,23,1,5,1,4
299,Ryan Getzlaf\getzlry01,35,ANA,C,48,5,12,17,-14,43,3,0,1,70,7.1,796,46,66,350,4
300,Dennis Gilbert\gilbede01,24,COL,D,3,0,0,0,0,5,0,0,0,0,,20,1,2,0,4
301,Mark Giordano\giordma01,37,CGY,D,56,9,17,26,5,14,4,0,2,142,6.3,1285,110,51,0,4
302,Samuel Girard\girarsa01,22,COL,D,48,5,27,32,15,16,0,0,0,79,6.3,1115,52,31,0,4
303,Claude Giroux\giroucl01,33,PHI,C,54,16,27,43,-4,12,1,0,2,120,13.3,978,6,32,484,4
304,Cody Glass\glassco01,21,VEG,C,27,4,6,10,6,8,4,0,0,28,14.3,393,9,10,110,4
305,Luke Glendening\glendlu01,31,DET,C,54,6,9,15,3,20,0,0,1,67,9.0,799,57,68,523,4
306,Alex Goligoski\goligal01,35,ARI,D,56,3,19,22,2,14,0,0,0,72,4.2,1288,108,76,0,4
307,Barclay Goodrow\goodrba01,27,TBL,RW,55,6,14,20,16,52,0,0,1,72,8.3,832,27,111,162,4
308,Shayne Gostisbehere\gostish01,27,PHI,D,41,9,11,20,-2,6,5,0,0,85,10.6,818,47,18,0,4
309,Yanni Gourde\gourdya01,29,TBL,C,56,17,19,36,10,44,2,0,4,118,14.4,956,21,51,316,4
310,Mikael Granlund\granlmi01,28,NSH,C,51,13,14,27,-1,14,5,0,1,74,17.6,992,42,46,243,4
311,Derek Grant\grantde01,30,ANA,C,46,6,9,15,-4,25,0,1,1,66,9.1,670,40,65,289,4
312,Tyler Graovac\graovty01,27,VAN,C,14,3,1,4,-3,6,1,0,0,17,17.6,136,5,13,42,4
313,Ryan Graves\gravery01,25,COL,D,54,2,13,15,15,55,0,0,0,101,2.0,1029,91,77,0,4
314,Andy Greene\greenan01,38,NYI,D,55,1,4,5,9,6,0,0,0,50,2.0,967,99,41,0,4
315,Jordan Greenway\greenjo02,23,MIN,LW,56,6,26,32,5,49,0,0,0,80,7.5,885,28,87,16,4
316,A.J. Greer\greeraj01,24,NJD,LW,1,0,0,0,0,7,0,0,0,0,,9,0,0,0,4
317,Noah Gregor\gregono01,22,SJS,C,30,5,1,6,-16,6,0,0,0,60,8.3,352,19,47,20,4
318,Mikhail Grigorenko\grigomi01,26,CBJ,C,32,4,8,12,-2,6,0,0,1,36,11.1,440,17,14,9,4
319,Rocco Grimaldi\grimaro01,27,NSH,C,40,10,3,13,-3,4,0,1,2,62,16.1,513,9,20,0,4
320,Jordan Gross\grossjo01,25,ARI,D,7,0,3,3,-3,2,0,0,0,10,0.0,92,8,6,0,4
321,Carl Grundstrom\grundca01,23,LAK,RW,47,6,5,11,-10,16,0,0,3,66,9.1,586,23,104,3,4
322,Matt Grzelcyk\grzelma01,27,BOS,D,37,5,15,20,11,22,1,0,1,80,6.3,731,34,19,0,4
323,Radko Gudas\gudasra01,30,FLA,D,54,2,9,11,6,40,0,0,1,84,2.4,949,72,250,0,4
324,Erik Gudbranson\gudbrer01,29,TOT,D,45,1,3,4,-12,59,0,0,1,58,1.7,806,64,111,0,4
325,Jake Guentzel\guentja01,26,PIT,C,56,23,34,57,7,28,6,0,7,141,16.3,1135,32,43,3,4
326,Carl Gunnarsson\gunnaca01,34,STL,D,12,0,2,2,-2,6,0,0,0,6,0.0,173,16,9,0,4
327,Denis Gurianov\guriade01,23,DAL,RW,55,12,18,30,0,21,4,0,2,130,9.2,872,12,63,0,4
328,Nikita Gusev\gusevni01,28,TOT,LW,31,4,6,10,-12,2,0,0,0,72,5.6,445,1,4,0,4
329,David Gustafsson\gustada01,20,WPG,C,4,0,0,0,-1,0,0,0,0,1,0.0,23,0,0,11,4
330,Erik Gustafsson\gustaer02,28,TOT,D,29,1,11,12,-1,0,0,0,0,33,3.0,485,21,21,0,4
331,Gaetan Haas\haasga01,29,EDM,F,34,2,1,3,-6,10,0,0,1,24,8.3,386,29,31,139,4
332,Brandon Hagel\hagelbr01,22,CHI,LW,52,9,15,24,-7,11,0,0,2,91,9.9,727,28,59,9,4
333,Carl Hagelin\hagelca01,32,WSH,LW,56,6,10,16,7,19,0,1,0,85,7.1,790,19,22,3,4
334,Robert Hagg\haggro01,25,PHI,D,34,2,3,5,-3,18,0,0,0,29,6.9,533,31,100,0,4
335,Nicolas Hague\hagueni01,22,VEG,D,52,5,12,17,14,31,0,0,0,78,6.4,832,65,94,0,4
336,Libor Hajek\hajekli01,22,NYR,D,44,2,2,4,2,10,0,0,1,33,6.1,672,48,26,0,4
337,Jani Hakanpaa\hakanja01,28,TOT,D,57,2,2,4,4,35,0,0,1,54,3.7,1027,83,215,0,4
338,Micheal Haley\haleymi01,34,OTT,C,4,0,0,0,-1,5,0,0,0,0,,24,0,10,0,4
339,Taylor Hall\hallta02,29,TOT,LW,53,10,23,33,-6,26,2,0,1,136,7.4,947,15,34,7,4
340,Dougie Hamilton\hamildo01,27,CAR,D,55,10,32,42,20,35,2,1,2,180,5.6,1250,64,52,0,4
341,Travis Hamonic\hamontr01,30,VAN,D,38,3,7,10,-3,39,0,0,0,79,3.8,736,81,48,0,4
342,Fredrik Händemark\handefr01,27,SJS,C,8,1,0,1,-3,2,0,0,0,5,20.0,76,1,14,29,4
343,Noah Hanifin\hanifno01,24,CGY,D,47,4,11,15,-2,18,0,0,1,89,4.5,941,40,28,0,4
344,Joel Hanley\hanlejo01,29,DAL,D,35,0,8,8,6,2,0,0,0,27,0.0,456,30,40,0,4
345,Mike Hardman\hardmmi01,21,CHI,RW,8,1,2,3,0,0,0,0,0,5,20.0,88,6,38,1,4
346,Jansen Harkins\harkija01,23,WPG,C,26,1,1,2,-2,4,0,0,0,16,6.3,218,3,11,11,4
347,Ben Harpur\harpube01,26,NSH,D,34,0,7,7,2,17,0,0,0,33,0.0,559,29,44,0,4
348,Scott Harrington\harrisc01,27,CBJ,D,12,1,2,3,-3,6,0,0,0,8,12.5,196,20,9,0,4
349,Ryan Hartman\hartmry01,26,MIN,RW,51,7,15,22,0,33,0,1,2,74,9.5,769,33,55,198,4
350,Garnet Hathaway\hathaga01,29,WSH,RW,56,6,12,18,7,66,0,0,0,62,9.7,690,30,179,10,4
351,Erik Haula\haulaer01,29,NSH,LW,51,9,12,21,4,14,1,2,2,85,10.6,816,23,63,270,4
352,Jayce Hawryluk\hawryja01,25,VAN,C,30,2,3,5,-7,9,0,0,1,18,11.1,289,11,43,1,4
353,John Hayden\haydejo01,25,ARI,C,29,2,3,5,-4,37,0,0,2,21,9.5,285,16,84,4,4
354,Kevin Hayes\hayeske01,28,PHI,RW,55,12,19,31,-2,22,3,0,2,127,9.4,964,14,60,234,4
355,Barrett Hayton\haytoba01,20,ARI,C,14,2,1,3,-1,0,0,0,0,10,20.0,161,3,15,40,4
356,Victor Hedman\hedmavi01,30,TBL,D,54,9,36,45,5,28,1,0,2,136,6.6,1352,73,51,0,4
357,Danton Heinen\heineda01,25,ANA,C,43,7,7,14,-9,0,1,0,1,76,9.2,635,30,32,1,4
358,Ville Heinola\heinovi01,19,WPG,D,5,0,0,0,-2,2,0,0,0,9,0.0,78,9,2,0,4
359,Miro Heiskanen\heiskmi01,21,DAL,D,55,8,19,27,-9,12,3,0,1,121,6.6,1373,52,47,0,4
360,Darren Helm\helmda01,34,DET,C,47,3,5,8,-3,10,0,0,0,83,3.6,690,20,39,6,4
361,Adam Henrique\henriad01,30,ANA,C,45,12,9,21,-8,11,1,0,2,77,15.6,722,32,40,303,4
362,Aleksi Heponiemi\heponal01,22,FLA,C,9,1,1,2,1,2,0,0,1,15,6.7,110,1,0,0,4
363,Tomas Hertl\hertlto01,27,SJS,C,50,19,24,43,1,27,4,1,2,112,17.0,957,39,39,486,4
364,Thomas Hickey\hicketh01,31,NYI,D,5,0,2,2,5,0,0,0,0,2,0.0,81,3,10,0,4
365,Matthew Highmore\highmma01,24,TOT,LW,42,3,4,7,-5,8,0,0,1,40,7.5,489,21,43,5,4
366,Vinnie Hinostroza\hinosvi01,26,TOT,C,26,4,8,12,0,8,0,0,0,33,12.1,319,3,37,3,4
367,Roope Hintz\hintzro01,24,DAL,LW,41,15,28,43,13,4,6,0,1,92,16.3,748,15,52,231,4
368,Taro Hirose\hirosta01,24,DET,LW,6,0,2,2,2,0,0,0,0,10,0.0,86,2,1,1,4
369,Nico Hischier\hischni01,22,NJD,C,21,6,5,11,-9,4,3,1,0,44,13.6,389,20,11,203,4
370,Niklas Hjalmarsson\hjalmni01,33,ARI,D,41,0,5,5,-6,18,0,0,0,29,0.0,712,69,15,0,4
371,Mike Hoffman\hoffmmi02,31,STL,C,52,17,19,36,2,10,7,0,3,113,15.0,783,12,29,6,4
372,Nils Hoglander\hoglani01,20,VAN,LW,56,13,14,27,-4,16,1,0,1,118,11.0,865,19,26,1,4
373,Nick Holden\holdeni01,33,VEG,D,17,0,2,2,3,2,0,0,0,23,0.0,269,20,28,0,4
374,Justin Holl\hollju01,29,TOR,D,55,2,18,20,16,25,0,0,1,57,3.5,1158,84,82,0,4
375,Patric Hornqvist\hornqpa01,34,FLA,RW,44,14,18,32,-3,39,8,0,2,145,9.7,738,23,80,2,4
376,Bo Horvat\horvabo01,25,VAN,C,56,19,20,39,-6,23,7,1,3,131,14.5,1114,38,64,648,4
377,Brett Howden\howdebr01,22,NYR,C,42,1,6,7,-2,11,0,0,0,33,3.0,528,35,57,118,4
378,Filip Hronek\hronefi01,23,DET,D,56,2,24,26,-18,16,0,0,0,114,1.8,1310,46,67,0,4
379,Jonathan Huberdeau\huberjo01,27,FLA,LW,55,20,41,61,12,36,5,0,1,122,16.4,1013,11,51,17,4
380,Cameron Hughes\hugheca01,24,BOS,C,1,0,0,0,-1,0,0,0,0,3,0.0,16,1,2,5,4
381,Jack Hughes\hugheja03,19,NJD,C,56,11,20,31,-3,16,1,0,1,142,7.7,1068,15,15,216,4
382,Quinn Hughes\hughequ01,21,VAN,D,56,3,38,41,-24,22,0,0,0,98,3.1,1277,43,18,0,4
383,Brad Hunt\huntbr01,32,MIN,D,12,1,0,1,-8,4,0,0,1,14,7.1,148,6,4,0,4
384,Dryden Hunt\huntdr01,25,ARI,LW,26,3,5,8,-6,4,0,0,0,39,7.7,311,5,94,4,4
385,Ben Hutton\huttobe01,27,TOT,D,38,1,4,5,-13,11,0,0,0,54,1.9,701,39,44,0,4
386,Zach Hyman\hymanza01,28,TOR,C,43,15,18,33,19,28,3,0,4,115,13.0,833,21,69,18,4
387,Alex Iafallo\iafalal01,27,LAK,C,55,13,17,30,-8,4,4,0,2,118,11.0,1094,39,26,2,4
388,Matt Irwin\irwinma01,33,BUF,D,24,0,2,2,-10,19,0,0,0,27,0.0,390,43,56,0,4
389,Mark Jankowski\jankoma01,26,PIT,C,45,4,7,11,4,6,0,0,0,35,11.4,482,21,35,151,4
390,Mattias Janmark\janmama02,28,TOT,C,56,11,13,24,-12,10,4,1,0,95,11.6,957,14,26,21,4
391,Calle Jarnkrok\jarnkca01,29,NSH,C,49,13,15,28,13,14,2,1,2,91,14.3,823,15,30,41,4
392,Christian Jaros\jarosch01,24,SJS,D,7,0,1,1,-4,2,0,0,0,3,0.0,78,8,9,0,4
393,Tanner Jeannot\jeannta01,23,NSH,F,15,5,2,7,6,2,0,1,0,23,21.7,182,7,53,1,4
394,Jan Jenik\jenikja01,20,ARI,RW,2,2,0,2,3,0,0,0,0,3,66.7,24,0,2,12,4
395,Boone Jenner\jennebo01,27,CBJ,C,41,8,9,17,-9,6,1,1,0,79,10.1,738,53,76,301,4
396,Nick Jensen\jenseni02,30,WSH,D,53,2,12,14,5,14,0,0,0,60,3.3,917,65,56,0,4
397,Ryan Johansen\johanry01,28,NSH,C,48,7,15,22,0,22,3,0,0,67,10.4,813,16,43,424,4
398,Marcus Johansson\johanma03,30,MIN,C,36,6,8,14,-10,4,2,0,3,46,13.0,574,12,12,32,4
399,Erik Johnson\johnser01,32,COL,D,4,0,1,1,2,2,0,0,0,5,0.0,54,5,7,0,4
400,Jack Johnson\johnsja02,34,NYR,D,13,1,0,1,-5,8,0,0,0,13,7.7,221,15,30,0,4
401,Luke Johnson\johnslu01,26,MIN,C,14,1,0,1,-5,5,0,0,0,11,9.1,141,4,29,44,4
402,Reese Johnson\johnsre01,22,CHI,F,5,0,0,0,-2,9,0,0,0,4,0.0,40,2,22,0,4
403,Tyler Johnson\johnsty01,30,TBL,C,55,8,14,22,-1,16,2,0,1,77,10.4,752,15,63,170,4
404,Andreas Johnsson\johnsan01,26,NJD,LW,50,5,6,11,-1,12,1,0,0,65,7.7,697,17,39,11,4
405,Ross Johnston\johnsro02,26,NYI,LW,12,0,1,1,-3,35,0,0,0,5,0.0,105,6,43,1,4
406,Henri Jokiharju\jokihhe01,21,BUF,D,46,3,5,8,-11,4,0,0,0,50,6.0,846,53,47,0,4
407,Caleb Jones\jonesca01,23,EDM,D,33,0,4,4,-7,6,0,0,0,23,0.0,449,35,27,0,4
408,Max Jones\jonesma03,22,ANA,LW,46,7,4,11,-9,36,2,0,1,77,9.1,652,11,100,5,4
409,Seth Jones\jonesse01,26,CBJ,D,56,5,23,28,-18,26,2,0,1,141,3.5,1413,101,102,0,4
410,Zachary Jones\jonesza01,20,NYR,D,10,0,4,4,-2,2,0,0,0,12,0.0,150,8,8,0,4
411,Mathieu Joseph\josepma01,23,TBL,RW,56,12,7,19,3,10,1,0,2,59,20.3,612,15,82,43,4
412,Pierre-Olivier Joseph\joseppi01,21,PIT,D,16,1,4,5,1,6,0,0,0,27,3.7,269,7,22,0,4
413,Dakota Joshua\joshuda01,24,STL,C,12,1,0,1,-3,7,0,0,0,9,11.1,108,2,23,37,4
414,Roman Josi\josiro01,30,NSH,D,48,8,25,33,-11,20,1,0,3,141,5.7,1169,83,27,0,4
415,Tyson Jost\jostty01,22,COL,C,54,7,10,17,14,24,0,0,1,92,7.6,763,19,45,162,4
416,Olli Juolevi\juoleol01,22,VAN,D,23,2,1,3,-1,0,0,0,0,24,8.3,304,30,23,0,4
417,Tomas Jurco\jurcoto01,28,VEG,RW,8,0,1,1,0,0,0,0,0,11,0.0,72,2,4,0,4
418,Noah Juulsen\juulsno01,23,FLA,D,4,0,0,0,-3,0,0,0,0,5,0.0,48,4,9,0,4
419,Nazem Kadri\kadrina01,30,COL,C,56,11,21,32,-7,34,3,0,3,170,6.5,922,19,36,392,4
420,Dominik Kahun\kahundo01,25,EDM,C,48,9,6,15,-3,2,0,0,2,69,13.0,615,12,13,16,4
421,Kaapo Kakko\kakkoka01,19,NYR,RW,48,9,8,17,3,10,2,0,0,81,11.1,689,16,14,3,4
422,Arthur Kaliyev\kaliyar01,19,LAK,RW,1,1,0,1,-1,0,0,0,0,1,100.0,15,1,0,0,4
423,Wyatt Kalynuk\kalynwy01,23,CHI,D,21,4,5,9,-6,4,0,0,0,26,15.4,342,21,25,0,4
424,David Kampf\kampfda01,26,CHI,C,56,1,11,12,-3,20,0,0,0,63,1.6,821,14,45,410,4
425,Steven Kampfer\kampfst01,32,BOS,D,20,2,3,5,3,4,1,0,0,28,7.1,334,24,20,0,4
426,Evander Kane\kaneev01,29,SJS,LW,56,22,27,49,-1,42,3,2,2,194,11.3,1131,22,97,23,4
427,Patrick Kane\kanepa01,32,CHI,RW,56,15,51,66,-7,14,3,0,3,191,7.9,1245,15,13,2,4
428,Kasperi Kapanen\kapanka01,24,PIT,RW,40,11,19,30,15,7,1,0,3,68,16.2,621,8,41,0,4
429,Kirill Kaprizov\kapriki01,23,MIN,LW,55,27,24,51,10,16,8,0,3,157,17.2,1006,18,29,3,4
430,Erik Karlsson\karlser01,30,SJS,D,52,8,14,22,-18,18,3,0,1,110,7.3,1227,69,20,0,4
431,William Karlsson\karlswi01,28,VEG,C,56,14,25,39,19,4,1,0,4,111,12.6,1045,29,29,518,4
432,David Kase\kaseda01,24,PHI,RW,1,0,0,0,0,0,0,0,0,0,,11,1,0,0,4
433,Ondrej Kase\kaseon01,25,BOS,RW,3,0,0,0,0,0,0,0,0,4,0.0,26,1,1,0,4
434,Zack Kassian\kassiza01,30,EDM,RW,27,2,3,5,-4,15,0,0,0,18,11.1,320,3,73,0,4
435,Martin Kaut\kautma01,21,COL,RW,5,0,0,0,-1,4,0,0,0,2,0.0,40,1,6,0,4
436,Joey Keane\keanejo01,21,CAR,D,1,0,0,0,-1,0,0,0,0,1,0.0,20,0,2,0,4
437,Brady Keeper\keepebr01,24,FLA,D,1,0,0,0,0,0,0,0,0,0,,9,0,1,0,4
438,Duncan Keith\keithdu01,37,CHI,D,54,4,11,15,-13,30,1,0,1,110,3.6,1264,91,33,0,4
439,Clayton Keller\kellecl01,22,ARI,C,56,14,21,35,-5,18,4,0,3,124,11.3,933,14,20,19,4
440,Joel Kellman\kellmjo01,26,SJS,F,7,1,1,2,-1,6,0,0,0,13,7.7,75,2,5,27,4
441,Parker Kelly\kellypa01,21,OTT,F,1,1,0,1,1,0,0,0,0,1,100.0,8,0,4,1,4
442,Adrian Kempe\kempead01,24,LAK,LW,56,14,15,29,-18,28,4,1,2,127,11.0,948,21,47,27,4
443,Alexander Kerfoot\kerfoal01,26,TOR,C,56,8,15,23,2,12,0,1,1,68,11.8,809,34,41,124,4
444,Tanner Kero\kerota01,28,DAL,RW,39,3,7,10,0,6,0,0,2,39,7.7,413,14,31,24,4
445,Phil Kessel\kesseph01,33,ARI,RW,56,20,23,43,-17,12,4,0,3,115,17.4,957,9,8,1,4
446,Jujhar Khaira\khairju01,26,EDM,LW,40,3,8,11,-1,42,0,0,2,41,7.3,482,21,151,171,4
447,Matt Kiersted\kiersma01,22,FLA,D,7,0,0,0,-4,2,0,0,0,6,0.0,106,10,1,0,4
448,Alex Killorn\killoal01,31,TBL,C,56,15,18,33,-1,37,5,0,1,121,12.4,1003,12,59,1,4
449,Joel Kiviranta\kivirjo01,24,DAL,F,26,6,5,11,3,6,1,0,0,31,19.4,317,11,40,1,4
450,John Klingberg\klingjo01,28,DAL,D,53,7,29,36,-15,23,2,0,1,108,6.5,1203,52,49,0,4
451,Nikolai Knyzhov\knyzhni01,22,SJS,D,56,2,8,10,-10,39,0,0,1,51,3.9,938,54,84,0,4
452,Slater Koekkoek\koekksl01,26,EDM,D,18,1,0,1,-7,2,0,0,0,17,5.9,237,31,10,0,4
453,Mikko Koivu\koivumi01,37,CBJ,C,7,1,1,2,-2,2,0,0,0,3,33.3,87,1,10,32,4
454,Keegan Kolesar\koleske01,23,VEG,RW,44,3,10,13,-4,30,0,0,0,46,6.5,420,15,107,62,4
455,Leo Komarov\komarle01,34,NYI,C,33,1,7,8,7,15,0,0,1,27,3.7,423,11,83,26,4
456,Travis Konecny\konectr01,23,PHI,C,50,11,23,34,-5,26,4,0,1,100,11.0,795,16,55,6,4
457,Anze Kopitar\kopitan01,33,LAK,C,56,13,37,50,-7,10,3,0,4,118,11.0,1186,37,45,661,4
458,Klim Kostin\kostikl01,21,STL,C,2,0,1,1,-1,0,0,0,0,0,,28,0,9,0,4
459,Jesperi Kotkaniemi\kotkaje01,20,MTL,C,56,5,15,20,-1,12,0,0,1,87,5.7,829,27,84,263,4
460,Vitali Kravtsov\kravtvi01,21,NYR,RW,20,2,2,4,-6,4,0,0,0,23,8.7,248,6,7,0,4
461,Peyton Krebs\krebspe01,20,VEG,C,4,0,1,1,1,0,0,0,0,1,0.0,46,1,4,6,4
462,Chris Kreider\kreidch01,29,NYR,LW,50,20,10,30,-1,34,11,0,4,102,19.6,870,35,115,30,4
463,David Krejci\krejcda01,34,BOS,C,51,8,36,44,16,16,3,0,1,83,9.6,874,26,25,321,4
464,Torey Krug\krugto01,29,STL,D,51,2,30,32,11,25,1,0,0,111,1.8,1150,57,51,0,4
465,Dominik Kubalík\kubaldo01,25,CHI,LW,56,17,21,38,-3,18,4,0,1,156,10.9,869,17,57,0,4
466,Karson Kuhlman\kuhlmka01,25,BOS,C,20,2,0,2,-6,0,0,0,0,31,6.5,213,4,27,2,4
467,Dean Kukan\kukande01,27,CBJ,D,35,1,4,5,-3,10,0,0,0,29,3.4,497,38,36,0,4
468,Brett Kulak\kulakbr01,27,MTL,D,46,2,6,8,3,20,0,0,0,57,3.5,741,54,28,0,4
469,Dmitry Kulikov\kulikdm01,30,TOT,D,48,0,4,4,-3,28,0,0,0,51,0.0,920,49,93,0,4
470,Luke Kunin\kuninlu01,23,NSH,C,38,10,9,19,3,13,0,0,2,71,14.1,532,20,84,15,4
471,Janne Kuokkanen\kuokkja01,22,NJD,C,50,8,17,25,-11,14,1,0,1,61,13.1,739,19,10,1,4
472,Rasmus Kupari\kuparra01,20,LAK,C,7,1,0,1,-5,2,0,0,0,8,12.5,80,3,7,35,4
473,Sean Kuraly\kuralse01,28,BOS,C,47,4,5,9,-10,20,0,0,2,88,4.5,661,21,99,229,4
474,Philipp Kurashev\kurasph01,21,CHI,C,54,8,8,16,-9,12,2,0,1,65,12.3,706,18,32,102,4
475,Evgeny Kuznetsov\kuzneev01,28,WSH,C,41,9,20,29,7,18,1,0,4,78,11.5,679,18,21,204,4
476,Oliver Kylington\kylinol01,23,CGY,D,8,0,1,1,-1,0,0,0,0,7,0.0,105,1,3,0,4
477,Jordan Kyrou\kyroujo01,22,STL,C,55,14,21,35,1,12,0,0,2,98,14.3,793,13,7,6,4
478,Joel L'Esperance\lespejo01,25,DAL,RW,12,2,0,2,-2,2,0,0,1,8,25.0,113,0,16,7,4
479,Kevin Labanc\labanke01,25,SJS,RW,55,12,16,28,-9,31,0,0,2,129,9.3,903,15,61,0,4
480,Tanner Laczynski\laczyta01,23,PHI,C,5,0,0,0,1,0,0,0,0,6,0.0,50,1,5,11,4
481,Sam Lafferty\laffesa01,25,PIT,C,34,0,6,6,-6,25,0,0,0,33,0.0,332,11,89,55,4
482,Alexis Lafreniere\lafreal01,19,NYR,LW,56,12,9,21,-7,8,0,0,4,67,17.9,777,11,43,13,4
483,William Lagesson\lageswi01,24,EDM,D,19,0,2,2,0,9,0,0,0,11,0.0,269,14,15,0,4
484,Patrik Laine\lainepa01,22,TOT,RW,46,12,12,24,-28,25,4,0,1,82,14.6,803,15,36,6,4
485,Juho Lammikko\lammiju01,25,FLA,RW,44,4,1,5,-8,10,0,1,0,43,9.3,477,16,50,124,4
486,Gabriel Landeskog\landega01,28,COL,LW,54,20,32,52,14,34,9,0,8,155,12.9,1078,28,81,288,4
487,Dylan Larkin\larkidy01,24,DET,C,44,9,14,23,-14,34,1,0,0,134,6.7,898,17,38,361,4
488,Adam Larsson\larssad01,28,EDM,D,56,4,6,10,2,24,0,0,0,52,7.7,1100,128,166,1,4
489,Jacob Larsson\larssja01,23,ANA,D,46,1,6,7,-9,14,0,0,0,42,2.4,800,59,37,0,4
490,Johan Larsson\larssjo02,28,ARI,LW,52,8,6,14,-13,24,0,0,2,58,13.8,727,34,77,296,4
491,Scott Laughton\laughsc01,26,PHI,C,53,9,11,20,13,39,0,1,1,89,10.1,817,34,141,211,4
492,Jeremy Lauzon\lauzoje01,23,BOS,D,41,1,7,8,8,40,0,0,0,48,2.1,767,53,98,0,4
493,Curtis Lazar\lazarcu01,25,TOT,C,50,7,6,13,-6,6,0,0,1,55,12.7,666,22,99,160,4
494,Nick Leddy\leddyni01,29,NYI,D,56,2,29,31,-3,8,1,0,1,79,2.5,1209,54,58,0,4
495,Anders Lee\leean01,30,NYI,LW,27,12,7,19,11,12,3,0,3,80,15.0,473,13,39,63,4
496,Artturi Lehkonen\lehkoar01,25,MTL,LW,47,7,6,13,-2,6,0,2,0,78,9.0,631,23,85,5,4
497,Mikko Lehtonen\lehtomi03,27,TOT,D,26,0,6,6,-2,8,0,0,0,33,0.0,413,15,30,0,4
498,Josh Leivo\leivojo01,27,CGY,LW,38,6,3,9,-3,10,0,0,2,50,12.0,408,2,33,3,4
499,Brendan Lemieux\lemiebr01,24,TOT,LW,49,4,7,11,-2,73,0,0,1,50,8.0,496,26,109,6,4
500,John Leonard\leonajo01,22,SJS,LW,44,3,10,13,-7,2,1,0,0,59,5.1,495,17,25,0,4
501,Otto Leskinen\leskiot01,23,MTL,D,1,0,0,0,0,0,0,0,0,0,,16,0,1,0,4
502,Kris Letang\letankr01,33,PIT,D,55,7,38,45,19,32,1,0,2,132,5.3,1356,65,92,0,4
503,Vinni Lettieri\lettivi01,25,ANA,C,5,0,0,0,-3,0,0,0,0,7,0.0,64,1,9,2,4
504,Tyler Lewington\lewinty01,26,NSH,D,2,0,1,1,4,9,0,0,0,4,0.0,28,4,1,0,4
505,Trevor Lewis\lewistr01,34,WPG,C,56,5,5,10,7,2,0,2,1,68,7.4,552,22,71,11,4
506,Timothy Liljegren\liljeti01,21,TOR,D,2,0,0,0,1,2,0,0,0,1,0.0,30,2,3,0,4
507,Kole Lind\lindko01,22,VAN,RW,7,0,0,0,-4,0,0,0,0,4,0.0,92,3,8,0,4
508,Oskar Lindblom\lindbos01,24,PHI,LW,50,8,6,14,-9,9,0,0,1,58,13.8,659,24,43,3,4
509,Esa Lindell\lindees01,26,DAL,D,56,5,11,16,11,19,0,1,0,100,5.0,1298,104,114,0,4
510,Ryan Lindgren\lindgry01,22,NYR,D,51,1,15,16,20,35,0,0,0,65,1.5,1020,50,98,0,4
511,Elias Lindholm\lindhel01,26,CGY,C,56,19,28,47,10,22,6,0,4,130,14.6,1114,34,53,509,4
512,Hampus Lindholm\lindhha01,27,ANA,D,18,2,4,6,-1,16,0,0,0,29,6.9,397,19,9,0,4
513,Par Lindholm\lindhpa01,29,BOS,C,1,0,0,0,0,0,0,0,0,0,,13,0,0,4,4
514,Gustav Lindstrom\lindsgu01,22,DET,D,13,0,3,3,1,0,0,0,0,8,0.0,210,17,14,0,4
515,Blake Lizotte\lizotbl01,23,LAK,C,41,3,7,10,2,16,0,0,0,42,7.1,521,21,32,180,4
516,William Lockwood\lockwwi01,22,VAN,RW,2,0,0,0,-2,2,0,0,0,3,0.0,28,1,6,0,4
517,Ryan Lomberg\lombery01,26,FLA,LW,34,2,2,4,-2,67,0,0,0,47,4.3,330,10,90,0,4
518,Steven Lorentz\lorenst01,24,CAR,C,45,2,6,8,1,8,0,0,1,40,5.0,470,16,47,158,4
519,Adam Lowry\lowryad01,27,WPG,LW,52,10,14,24,6,13,0,1,3,80,12.5,807,30,161,361,4
520,Milan Lucic\lucicmi01,32,CGY,LW,56,10,13,23,-8,46,2,0,0,74,13.5,763,12,139,9,4
521,Matt Luff\luffma01,23,LAK,RW,13,1,0,1,-4,5,0,0,0,18,5.6,136,6,8,2,4
522,Isac Lundestrom\lundeis01,21,ANA,C,41,6,3,9,-9,14,0,0,0,52,11.5,625,19,16,189,4
523,Eetu Luostarinen\luostee01,22,FLA,C,44,3,5,8,-11,12,0,0,1,34,8.8,578,25,55,191,4
524,Ilya Lyubushkin\lyubuil01,26,ARI,D,42,1,1,2,-13,10,0,0,0,36,2.8,659,72,103,0,4
525,Olli Maatta\maattol01,26,LAK,D,41,0,4,4,-8,6,0,0,0,43,0.0,674,53,41,0,4
526,Kurtis MacDermid\macdeku01,26,LAK,D,28,2,2,4,-14,36,0,0,0,16,12.5,374,35,46,0,4
527,Jacob MacDonald\macdoja02,27,COL,D,33,1,8,9,14,8,0,0,0,49,2.0,493,31,38,0,4
528,Mackenzie MacEachern\maceama01,26,STL,LW,21,1,1,2,3,8,0,1,0,25,4.0,204,2,35,1,4
529,Zack MacEwen\macewza01,24,VAN,C,34,1,1,2,-2,44,0,0,0,31,3.2,294,9,65,4,4
530,Ryan MacInnis\macinry01,24,CBJ,C,16,0,0,0,-3,0,0,0,0,14,0.0,160,3,19,28,4
531,Connor Mackey\mackeco01,24,CGY,D,6,1,2,3,3,20,0,0,0,4,25.0,85,0,8,0,4
532,Nathan MacKinnon\mackina01,25,COL,C,48,20,45,65,22,37,8,0,2,206,9.7,977,15,38,239,4
533,Josh Mahura\mahurjo01,22,ANA,D,13,1,3,4,0,4,0,0,0,14,7.1,207,9,10,0,4
534,Philippe Maillet\maillph01,28,WSH,F,2,0,0,0,-1,0,0,0,0,1,0.0,18,0,1,6,4
535,Cale Makar\makarca01,22,COL,D,44,8,36,44,17,12,4,0,3,104,7.7,1070,36,49,0,4
536,Evgeni Malkin\malkiev01,34,PIT,C,33,8,20,28,-4,24,4,0,0,72,11.1,585,12,18,152,4
537,Sean Malone\malonse01,25,NSH,C,1,0,1,1,-1,2,0,0,0,1,0.0,11,0,0,4,4
538,Mikhail Maltsev\maltsmi01,22,NJD,LW,33,6,3,9,-4,4,0,0,0,55,10.9,378,8,26,74,4
539,Andrew Mangiapane\mangian01,24,CGY,LW,56,18,14,32,1,24,2,1,4,91,19.8,933,33,51,2,4
540,Josh Manson\mansojo01,29,ANA,D,23,1,6,7,-3,30,0,0,1,19,5.3,414,31,61,0,4
541,Anthony Mantha\manthan01,26,TOT,RW,56,15,14,29,-14,25,3,0,0,138,10.9,1015,27,49,18,4
542,Brad Marchand\marchbr03,32,BOS,LW,53,29,40,69,26,46,4,4,5,143,20.3,1002,11,66,11,4
543,Jonathan Marchessault\audymjo01,30,VEG,C,55,18,26,44,19,39,3,0,4,176,10.2,958,14,44,41,4
544,Mason Marchment\marchma01,25,FLA,F,33,2,8,10,4,18,0,0,0,50,4.0,466,8,73,13,4
545,John Marino\marinjo01,23,PIT,D,52,3,10,13,5,8,1,0,1,56,5.4,1078,50,48,0,4
546,Patrick Marleau\marlepa01,41,SJS,C,56,4,5,9,-9,10,2,0,0,54,7.4,744,19,40,141,4
547,Mitch Marner\marnemi01,23,TOR,RW,55,20,47,67,21,20,0,0,5,156,12.8,1233,41,23,4,4
548,Pat Maroon\maroopa01,32,TBL,LW,55,4,14,18,2,60,2,0,0,46,8.7,638,6,75,2,4
549,Matt Martin\martima02,31,NYI,LW,54,6,5,11,-2,36,1,0,0,68,8.8,598,23,181,3,4
550,Alec Martinez\martial01,33,VEG,D,53,9,23,32,26,12,3,0,2,85,10.6,1196,168,44,0,4
551,Jordan Martinook\martijo01,28,CAR,LW,44,4,9,13,-3,25,0,0,1,62,6.5,561,20,90,78,4
552,Mike Matheson\mathemi01,26,PIT,D,44,5,11,16,9,28,0,0,1,86,5.8,820,40,41,0,4
553,Stefan Matteau\mattest02,26,CBJ,LW,18,1,0,1,-4,9,0,0,0,15,6.7,195,9,35,2,4
554,Auston Matthews\matthau01,23,TOR,C,52,41,25,66,21,10,10,0,12,222,18.5,1121,47,57,450,4
555,Scott Mayfield\mayfisc01,28,NYI,D,56,2,13,15,2,38,0,0,0,79,2.5,1091,108,76,0,4
556,Gerald Mayhew\mayhege01,28,MIN,F,4,0,1,1,1,0,0,0,0,5,0.0,47,4,7,0,4
557,Charlie McAvoy\mcavoch01,23,BOS,D,51,5,25,30,22,38,1,0,0,92,5.4,1224,80,65,0,4
558,Jake McCabe\mccabja01,27,BUF,D,13,1,2,3,2,9,0,0,0,15,6.7,249,15,22,0,4
559,Jared McCann\mccanja01,24,PIT,C,43,14,18,32,17,8,7,0,3,93,15.1,607,17,40,56,4
560,Michael McCarron\mccarmi01,25,NSH,RW,6,0,0,0,1,16,0,0,0,3,0.0,62,0,12,18,4
561,Max McCormick\mccorma01,28,CAR,LW,12,2,1,3,3,9,0,0,0,5,40.0,94,2,16,1,4
562,Connor McDavid\mcdavco01,24,EDM,C,56,33,72,105,21,20,9,0,11,200,16.5,1241,24,61,316,4
563,Ryan McDonagh\mcdonry01,31,TBL,D,50,4,8,12,13,14,0,0,0,85,4.7,1095,96,69,0,4
564,Brock McGinn\mcginbr01,26,CAR,LW,37,8,5,13,0,6,0,1,1,58,13.8,554,12,44,3,4
565,Greg McKegg\mckeggr01,28,BOS,C,5,1,0,1,-3,2,0,0,0,4,25.0,48,1,7,20,4
566,Michael McLeod\mcleomi01,22,NJD,C,52,9,6,15,-12,42,0,0,2,60,15.0,718,20,89,326,4
567,Ryan McLeod\mcleory01,21,EDM,C,10,0,1,1,-2,0,0,0,0,3,0.0,128,5,3,41,4
568,Connor McMichael\mcmicco01,20,WSH,C,1,0,0,0,0,2,0,0,0,1,0.0,10,0,0,1,4
569,Brayden McNabb\mcnabbr01,30,VEG,D,41,2,6,8,10,16,0,0,0,39,5.1,791,76,98,0,4
570,Jayson Megna\megnaja01,30,COL,C,7,0,2,2,2,0,0,0,0,12,0.0,72,3,14,12,4
571,Timo Meier\meierti01,24,SJS,RW,54,12,19,31,-7,22,2,0,0,155,7.7,867,24,75,8,4
572,Nicolas Meloche\melocni01,23,SJS,D,7,0,1,1,1,0,0,0,0,6,0.0,67,6,5,0,4
573,Nicholas Merkley\merklni01,23,NJD,RW,27,2,8,10,-5,7,0,0,0,38,5.3,311,5,28,2,4
574,Dakota Mermis\mermida01,27,MIN,D,3,0,0,0,0,0,0,0,0,2,0.0,49,4,10,0,4
575,Jonathon Merrill\merrijo01,28,TOT,D,49,0,5,5,-9,16,0,0,0,41,0.0,895,70,34,0,4
576,Victor Mete\metevi01,22,TOT,D,28,1,4,5,8,8,0,0,0,20,5.0,442,35,19,0,4
577,Marc Michaelis\michama01,25,VAN,F,15,0,0,0,-5,2,0,0,0,3,0.0,136,10,12,3,4
578,Jacob Middleton\middlja01,25,SJS,D,1,0,0,0,-2,2,0,0,0,1,0.0,9,1,2,0,4
579,Keaton Middleton\middlke01,22,COL,D,3,0,0,0,-1,4,0,0,0,2,0.0,28,1,4,0,4
580,Ilya Mikheyev\mikheil01,26,TOR,F,54,7,10,17,5,6,0,0,2,107,6.5,767,28,49,2,4
581,Niko Mikkola\mikkoni01,24,STL,D,30,1,2,3,-11,11,0,0,0,22,4.5,436,36,49,0,4
582,Sonny Milano\milanso01,24,ANA,LW,6,0,0,0,0,0,0,0,0,8,0.0,88,0,4,0,4
583,Colin Miller\milleco02,28,BUF,D,48,4,8,12,-20,27,1,0,0,64,6.3,864,51,91,0,4
584,J.T. Miller\millejt01,27,VAN,C,53,15,31,46,-7,43,3,1,4,106,14.2,1111,24,90,279,4
585,K'Andre Miller\milleka01,21,NYR,D,53,5,7,12,9,20,0,0,1,62,8.1,1119,77,93,0,4
586,Kevan Miller\milleke03,33,BOS,D,28,1,3,4,-1,20,0,0,0,27,3.7,534,37,64,0,4
587,Ian Mitchell\mitchia01,22,CHI,D,39,3,4,7,-10,14,0,0,0,23,13.0,586,37,18,0,4
588,Casey Mittelstadt\mitteca01,22,BUF,C,41,10,12,22,-10,10,3,1,2,61,16.4,651,12,9,216,4
589,Sean Monahan\monahse01,26,CGY,C,50,10,18,28,-6,10,4,0,5,98,10.2,885,18,49,340,4
590,Brandon Montour\montobr01,26,TOT,D,50,7,11,18,-5,40,0,2,0,94,7.4,1024,62,54,0,4
591,John Moore\moorejo01,30,BOS,D,5,0,2,2,-3,2,0,0,0,8,0.0,105,6,9,0,4
592,Trevor Moore\mooretr01,25,LAK,LW,56,10,13,23,-5,18,1,2,0,88,11.4,814,10,38,3,4
593,Samuel Morin\morinsa01,25,PHI,D,20,1,0,1,-7,37,0,0,1,14,7.1,204,13,38,0,4
594,Josh Morrissey\morrijo04,25,WPG,D,56,4,17,21,-1,25,1,0,0,116,3.4,1319,86,78,0,4
595,Tyler Motte\mottety01,25,VAN,C,24,6,3,9,0,14,0,0,1,40,15.0,384,28,100,12,4
596,Connor Murphy\murphco02,27,CHI,D,50,3,12,15,1,35,1,0,1,78,3.8,1107,123,102,0,4
597,Brett Murray\murrabr02,22,BUF,LW,2,0,0,0,1,0,0,0,0,1,0.0,21,1,3,0,4
598,Ryan Murray\murrary01,27,NJD,D,48,0,14,14,3,8,0,0,0,29,0.0,893,73,38,0,4
599,Jake Muzzin\muzzija01,31,TOR,D,53,4,23,27,21,29,1,1,0,103,3.9,1144,94,101,0,4
600,Philippe Myers\myersph01,24,PHI,D,44,1,10,11,-10,22,0,0,0,77,1.3,830,40,69,0,4
601,Tyler Myers\myersty01,30,VAN,D,55,6,15,21,-8,51,0,1,3,109,5.5,1214,74,61,0,4
602,Vladislav Namestnikov\namesvl01,28,DET,C,53,8,9,17,-5,24,0,0,0,87,9.2,858,35,71,135,4
603,Riley Nash\nashri02,31,CBJ,C,37,2,5,7,-1,4,0,0,1,40,5.0,466,21,33,162,4
604,James Neal\nealja01,33,EDM,LW,29,5,5,10,-2,11,1,0,0,51,9.8,351,6,26,2,4
605,Martin Necas\necasma01,22,CAR,C,53,14,27,41,25,10,4,2,3,114,12.3,916,32,45,36,4
606,Brock Nelson\nelsobr01,29,NYI,C,56,18,15,33,-5,14,7,0,4,121,14.9,999,26,36,349,4
607,Patrik Nemeth\nemetpa01,28,TOT,D,52,3,7,10,5,20,0,0,0,53,5.7,937,67,87,0,4
608,Aaron Ness\nessaa01,30,ARI,D,1,0,0,0,0,0,0,0,0,1,0.0,13,0,2,0,4
609,Nikita Nesterov\nesteni01,27,CGY,D,38,0,4,4,-10,20,0,0,0,33,0.0,603,29,41,0,4
610,Alex Newhook\newhoal01,20,COL,C,6,0,3,3,5,2,0,0,0,8,0.0,82,1,3,16,4
611,Valeri Nichushkin\nichuva01,25,COL,RW,55,10,11,21,9,4,0,1,4,98,10.2,774,28,65,1,4
612,Nino Niederreiter\niedeni01,28,CAR,RW,56,20,14,34,20,29,4,0,4,126,15.9,880,17,68,1,4
613,Frans Nielsen\nielsfr01,36,DET,C,29,1,5,6,-3,0,0,0,0,24,4.2,352,12,23,21,4
614,Matthew Nieto\nietoma01,28,SJS,LW,28,5,2,7,-5,4,0,0,0,45,11.1,392,19,25,4,4
615,Sami Niku\nikusa01,24,WPG,D,6,0,0,0,-3,8,0,0,0,2,0.0,78,7,0,0,4
616,Stefan Noesen\noesest01,27,TOT,RW,6,0,0,0,0,2,0,0,0,5,0.0,58,0,4,1,4
617,Joakim Nordstrom\nordsjo02,28,CGY,C,44,1,6,7,1,6,0,0,0,46,2.2,508,30,92,5,4
618,Joshua Norris\norrijo01,21,OTT,C,56,17,18,35,-12,13,6,0,2,96,17.7,922,34,72,379,4
619,Tomas Nosek\nosekto01,28,VEG,C,38,8,10,18,7,10,0,0,2,59,13.6,494,18,51,200,4
620,Ryan Nugent-Hopkins\nugenry01,27,EDM,C,52,16,19,35,-4,22,9,0,2,135,11.9,1080,29,26,73,4
621,Darnell Nurse\nurseda01,25,EDM,D,56,16,20,36,27,57,1,0,2,154,10.4,1435,100,117,0,4
622,Markus Nutivaara\nutivma01,26,FLA,D,30,0,10,10,1,12,0,0,0,45,0.0,479,13,35,0,4
623,Joakim Nygard\nygarjo01,28,EDM,F,9,0,0,0,-2,4,0,0,0,6,0.0,82,0,4,1,4
624,William Nylander\nylanwi01,24,TOR,C,51,17,25,42,10,16,4,0,2,133,12.8,847,15,12,13,4
625,Liam O'Brien\obrieli01,26,COL,C,12,0,3,3,1,40,0,0,0,6,0.0,79,2,28,0,4
626,Drew O'Connor\oconndr01,22,PIT,F,10,0,1,1,-2,2,0,0,0,8,0.0,90,2,6,1,4
627,Logan O'Connor\oconnlo01,24,COL,RW,22,3,2,5,6,6,0,0,0,37,8.1,241,12,29,2,4
628,Ryan O'Reilly\oreilry01,29,STL,C,56,24,30,54,26,18,4,2,4,129,18.6,1162,26,24,703,4
629,Jordan Oesterle\oestejo01,28,ARI,D,43,1,10,11,-10,10,1,0,0,38,2.6,770,64,45,1,4
630,Kyle Okposo\okposky01,32,BUF,RW,35,2,11,13,-1,0,0,1,0,45,4.4,486,14,29,26,4
631,Jamie Oleksiak\oleksja01,28,DAL,D,56,6,8,14,-3,35,0,0,2,84,7.1,1147,88,148,0,4
632,Mathieu Olivier\olivima01,23,NSH,F,30,3,2,5,-1,70,1,0,0,25,12.0,328,19,62,4,4
633,Victor Olofsson\olofsvi01,25,BUF,RW,56,13,19,32,-23,6,7,0,0,129,10.1,974,12,17,1,4
634,Dmitry Orlov\orlovdm01,29,WSH,D,51,8,14,22,16,20,0,0,2,83,9.6,1011,50,87,0,4
635,T.J. Oshie\oshietj01,34,WSH,C,53,22,21,43,-3,18,13,0,1,106,20.8,957,27,70,139,4
636,Xavier Ouellet\ouellxa01,27,MTL,D,6,0,0,0,-1,2,0,0,0,5,0.0,87,8,17,0,4
637,Alex Ovechkin\ovechal01,35,WSH,LW,45,24,18,42,-7,12,9,0,6,182,13.2,878,23,98,0,4
638,Max Pacioretty\pacioma01,32,VEG,LW,48,24,27,51,20,14,6,0,6,174,13.8,861,29,33,20,4
639,Jean-Gabriel Pageau\pageaje01,28,NYI,C,54,14,14,28,10,10,5,2,3,81,17.3,907,58,111,472,4
640,Ondrej Palat\palaton01,29,TBL,LW,55,15,31,46,1,26,7,0,6,111,13.5,960,43,82,0,4
641,Kyle Palmieri\palmiky01,29,TOT,RW,51,10,11,21,-5,20,2,1,2,115,8.7,845,12,62,8,4
642,Artemi Panarin\panarar01,29,NYR,LW,42,17,41,58,14,6,5,0,1,106,16.0,825,7,13,0,4
643,Richard Panik\panikri01,29,TOT,RW,48,4,9,13,-9,18,1,0,0,59,6.8,594,21,70,6,4
644,Cedric Paquette\paquece01,27,TOT,C,47,4,4,8,-12,21,0,0,0,33,12.1,439,26,136,33,4
645,Colton Parayko\parayco01,27,STL,D,32,2,10,12,-2,14,0,0,0,60,3.3,683,64,35,0,4
646,Zach Parise\parisza01,36,MIN,LW,45,7,11,18,7,6,0,0,3,90,7.8,628,20,18,34,4
647,Brinson Pasichnuk\pasicbr01,23,SJS,D,4,0,0,0,-1,2,0,0,0,3,0.0,46,3,2,0,4
648,David Pastrnak\pastrda01,24,BOS,RW,48,20,28,48,10,24,6,0,3,176,11.4,893,13,35,2,4
649,Greg Pateryn\patergr01,30,TOT,D,13,0,3,3,0,6,0,0,0,13,0.0,184,17,17,0,4
650,Nolan Patrick\patrino01,22,PHI,C,52,4,5,9,-30,20,2,0,0,49,8.2,690,18,45,226,4
651,Nick Paul\paulni01,25,OTT,LW,56,5,15,20,5,19,0,1,0,105,4.8,901,35,74,219,4
652,Joe Pavelski\paveljo01,36,DAL,C,56,25,26,51,22,16,13,0,4,139,18.0,1065,39,64,362,4
653,Tanner Pearson\pearsta01,28,VAN,LW,51,10,8,18,-15,26,2,0,2,110,9.1,871,28,54,6,4
654,Matthew Peca\pecama01,27,OTT,C,5,0,1,1,1,0,0,0,0,3,0.0,44,3,9,0,4
655,Lane Pederson\pederla01,23,ARI,F,15,1,2,3,-2,2,0,0,0,15,6.7,166,2,39,39,4
656,Andrew Peeke\peekean01,22,CBJ,D,11,0,3,3,-4,4,0,0,0,5,0.0,189,15,35,0,4
657,Adam Pelech\pelecad01,26,NYI,D,56,4,10,14,15,18,0,1,0,82,4.9,1179,73,66,0,4
658,Mathieu Perreault\perrema01,33,WPG,C,56,9,10,19,6,16,2,0,0,57,15.8,656,18,84,5,4
659,David Perron\perroda01,32,STL,LW,56,19,39,58,6,22,6,0,2,151,12.6,1039,25,45,0,4
660,Corey Perry\perryco01,35,MTL,RW,49,9,12,21,-4,39,1,0,1,62,14.5,673,15,56,0,4
661,Brett Pesce\pescebr01,26,CAR,D,55,4,21,25,14,20,1,0,0,89,4.5,1254,82,17,0,4
662,Nic Petan\petanni01,25,TOR,C,7,0,1,1,-2,4,0,0,0,8,0.0,72,2,6,0,4
663,Jeff Petry\petryje01,33,MTL,D,55,12,30,42,6,20,4,0,2,128,9.4,1251,60,97,0,4
664,Elias Pettersson\petteel01,22,VAN,C,26,10,11,21,0,6,4,0,1,63,15.9,483,9,11,63,4
665,Marcus Pettersson\pettema01,24,PIT,D,47,2,7,9,8,22,0,0,0,46,4.3,775,39,51,0,4
666,Matthew Phillips\phillma01,22,CGY,F,1,0,0,0,0,0,0,0,0,2,0.0,14,0,0,0,4
667,Alex Pietrangelo\pietral01,31,VEG,D,41,7,16,23,20,16,0,0,2,126,5.6,1002,80,28,0,4
668,Garrett Pilon\pilonga01,22,WSH,C,1,0,0,0,0,0,0,0,0,0,,11,0,0,0,4
669,Brian Pinho\pinhobr01,25,WSH,C,2,0,0,0,-2,0,0,0,0,3,0.0,16,1,1,8,4
670,Shane Pinto\pintosh01,20,OTT,C,12,1,6,7,6,10,0,0,0,11,9.1,150,9,11,45,4
671,Neal Pionk\pionkne01,25,WPG,D,54,3,29,32,6,20,1,0,0,100,3.0,1187,74,137,0,4
672,Brandon Pirri\pirribr01,29,CHI,C,1,0,0,0,-2,0,0,0,0,2,0.0,11,0,0,0,4
673,Rem Pitlick\pitlire01,23,NSH,C,10,0,2,2,3,4,0,0,0,11,0.0,113,1,8,15,4
674,Tyler Pitlick\pitlity01,29,ARI,C,38,6,5,11,-1,16,0,1,0,56,10.7,622,41,81,6,4
675,Austin Poganski\poganau01,24,STL,RW,5,0,0,0,-1,0,0,0,0,0,,38,2,8,0,4
676,Brayden Point\pointbr01,24,TBL,C,56,23,25,48,2,11,6,0,6,131,17.6,1032,18,23,257,4
677,Tucker Poolman\poolmtu01,27,WPG,D,39,0,1,1,-2,2,0,0,0,50,0.0,714,49,69,0,4
678,Nate Prosser\prossna01,34,PHI,D,6,1,1,2,-7,0,0,0,0,5,20.0,78,10,3,0,4
679,Ivan Provorov\provoiv01,24,PHI,D,56,7,19,26,4,28,0,0,2,126,5.6,1400,106,56,0,4
680,Jesse Puljujarvi\puljuje01,22,EDM,RW,55,15,10,25,6,16,2,0,0,115,13.0,832,20,101,0,4
681,Ryan Pulock\pulocry01,26,NYI,D,56,2,15,17,15,8,0,0,1,121,1.7,1257,106,97,0,4
682,Mark Pysyk\pysykma01,29,DAL,D,36,3,1,4,6,20,0,0,0,51,5.9,422,16,36,0,4
683,Alexander Radulov\radulal01,34,DAL,RW,11,4,8,12,9,6,1,0,0,25,16.0,196,5,4,1,4
684,Brogan Rafferty\raffebr01,25,VAN,D,1,0,1,1,-1,0,0,0,0,1,0.0,14,1,1,0,4
685,Michael Raffl\rafflmi01,32,TOT,LW,44,4,7,11,-4,33,0,0,3,50,8.0,583,28,71,32,4
686,Rickard Rakell\rakelri01,27,ANA,RW,52,9,19,28,-14,12,0,0,1,144,6.3,927,16,65,5,4
687,Mikko Rantanen\rantami01,24,COL,RW,52,30,36,66,30,34,9,0,7,177,16.9,1036,20,26,32,4
688,Victor Rask\raskvi01,27,MIN,C,54,10,13,23,1,2,1,0,1,53,18.9,780,10,21,218,4
689,Michael Rasmussen\rasmumi01,21,DET,C,40,3,9,12,-5,26,0,0,1,62,4.8,592,28,72,134,4
690,Jack Rathbone\rathbja01,21,VAN,D,8,1,2,3,1,0,0,0,0,17,5.9,124,8,9,0,4
691,Kyle Rau\rauky01,28,MIN,C,14,0,2,2,-1,9,0,0,0,15,0.0,134,15,23,0,4
692,Ryan Reaves\reavery01,34,VEG,RW,37,1,4,5,0,27,0,0,0,26,3.8,367,15,141,4,4
693,Alec Regula\regulal01,20,CHI,D,3,0,0,0,-1,0,0,0,0,1,0.0,37,3,3,0,4
694,Mike Reilly\reillmi01,27,TOT,D,55,0,27,27,5,22,0,0,0,98,0.0,1060,43,70,0,4
695,Sam Reinhart\reinhsa01,25,BUF,C,54,25,15,40,-28,10,10,0,5,130,19.2,1055,27,15,126,4
696,Sheldon Rempal\rempash01,25,CAR,RW,3,0,0,0,0,0,0,0,0,3,0.0,25,3,0,0,4
697,Dan Renouf\renouda01,26,COL,D,18,0,3,3,-1,16,0,0,0,12,0.0,183,3,20,0,4
698,Tarmo Reunanen\reunata01,22,NYR,D,4,0,1,1,1,0,0,0,0,5,0.0,53,5,4,0,4
699,Justin Richards\richaju01,22,NYR,F,1,0,1,1,1,0,0,0,0,2,0.0,10,1,2,0,4
700,Brad Richardson\richabr02,35,NSH,C,17,1,3,4,0,4,0,0,1,18,5.6,208,9,14,76,4
701,Tobias Rieder\riedeto01,28,BUF,C,44,5,2,7,-9,2,0,0,0,63,7.9,539,34,21,1,4
702,Morgan Rielly\riellmo01,26,TOR,D,55,5,30,35,11,14,1,0,1,101,5.0,1299,61,63,0,4
703,Juuso Riikola\riikoju01,27,PIT,D,2,0,0,0,0,0,0,0,0,1,0.0,23,1,5,0,4
704,Zac Rinaldo\rinalza01,30,CGY,C,4,0,0,0,-1,5,0,0,0,1,0.0,23,0,13,0,4
705,Rasmus Ristolainen\ristora01,26,BUF,D,49,4,14,18,-18,36,1,0,0,73,5.5,1092,68,193,0,4
706,Brett Ritchie\ritchbr01,27,CGY,RW,32,4,4,8,-5,24,0,0,0,36,11.1,364,6,97,3,4
707,Nick Ritchie\ritchni01,25,BOS,LW,56,15,11,26,-7,37,5,0,2,121,12.4,861,17,102,0,4
708,Jason Robertson\roberja01,21,DAL,LW,51,17,28,45,13,16,1,0,3,127,13.4,861,13,28,5,4
709,Nicholas Robertson\roberni01,19,TOR,LW,6,0,1,1,1,0,0,0,0,9,0.0,57,2,3,0,4
710,Buddy Robinson\robinbu01,29,CGY,RW,9,0,0,0,0,0,0,0,0,6,0.0,64,0,14,1,4
711,Eric Robinson\robiner01,25,CBJ,LW,56,8,10,18,6,4,0,1,2,75,10.7,694,16,94,3,4
712,Evan Rodrigues\rodriev01,27,PIT,C,35,7,7,14,-3,6,2,0,1,65,10.8,494,10,21,54,4
713,Alexander Romanov\romanal01,21,MTL,D,54,1,5,6,1,21,0,0,0,71,1.4,932,60,138,0,4
714,Kevin Rooney\rooneke01,27,NYR,C,54,8,6,14,0,54,0,2,0,62,12.9,667,35,110,197,4
715,Jack Roslovic\rosloja01,24,CBJ,C,48,12,22,34,-11,14,4,0,1,85,14.1,811,22,34,232,4
716,Antoine Roussel\roussan01,31,VAN,LW,35,1,3,4,4,37,0,0,0,28,3.6,403,18,63,2,4
717,Carter Rowney\rowneca01,31,ANA,RW,19,0,6,6,-2,2,0,0,0,10,0.0,271,21,45,8,4
718,Matt Roy\royma04,25,LAK,D,44,2,8,10,0,8,0,0,0,57,3.5,847,67,61,0,4
719,Nicolas Roy\royni01,23,VEG,C,50,6,9,15,9,14,0,0,1,52,11.5,651,23,50,142,4
720,Chad Ruhwedel\ruhwech01,30,PIT,D,17,0,2,2,3,14,0,0,0,16,0.0,250,13,32,0,4
721,Arttu Ruotsalainen\ruotsar01,23,BUF,F,17,5,1,6,-9,8,0,0,0,28,17.9,238,4,16,4,4
722,Kris Russell\russekr01,33,EDM,D,35,0,9,9,0,8,0,0,0,41,0.0,644,75,41,0,4
723,Patrick Russell\russepa01,28,EDM,RW,8,0,2,2,0,0,0,0,0,12,0.0,85,0,13,1,4
724,Bryan Rust\rustbr01,28,PIT,RW,56,22,20,42,9,18,6,0,6,154,14.3,1105,30,62,3,4
725,Jan Rutta\ruttaja02,30,TBL,D,35,0,8,8,12,22,0,0,0,46,0.0,561,32,30,0,4
726,Adam Ruzicka\ruzicad01,21,CGY,C,3,0,1,1,2,4,0,0,0,3,0.0,32,0,1,14,4
727,Bobby Ryan\ryanbo01,33,DET,LW,33,7,7,14,-14,27,1,0,0,73,9.6,506,17,31,5,4
728,Derek Ryan\ryande01,34,CGY,C,43,2,11,13,6,16,0,0,0,37,5.4,511,21,13,153,4
729,Joakim Ryan\ryanjo02,27,CAR,D,4,0,0,0,-1,0,0,0,0,2,0.0,43,1,1,0,4
730,Drake Rymsha\rymshdr01,22,LAK,C,1,0,0,0,1,0,0,0,0,0,,13,0,0,0,4
731,Brandon Saad\saadbr01,28,COL,LW,44,15,9,24,1,12,2,0,1,68,22.1,620,10,16,27,4
732,Scott Sabourin\sabousc01,28,TOR,F,1,0,0,0,0,5,0,0,0,0,,4,0,3,0,4
733,Mattias Samuelsson\samuema02,20,BUF,D,12,0,2,2,-8,4,0,0,0,10,0.0,216,10,20,0,4
734,Rasmus Sandin\sandira01,20,TOR,D,9,0,4,4,6,0,0,0,0,9,0.0,132,7,11,0,4
735,Zach Sanford\sanfoza01,26,STL,LW,52,10,6,16,-13,25,3,1,3,67,14.9,774,44,69,28,4
736,Travis Sanheim\sanhetr01,24,PHI,D,55,3,12,15,-22,23,0,0,1,100,3.0,1204,73,48,0,4
737,Steven Santini\santist01,25,STL,D,3,0,1,1,1,0,0,0,0,9,0.0,42,2,12,0,4
738,David Savard\savarda01,30,TOT,D,54,1,5,6,-27,24,0,0,1,69,1.4,1072,109,132,0,4
739,Luca Sbisa\sbisalu01,31,NSH,D,1,0,0,0,0,0,0,0,0,0,,12,2,3,0,4
740,Marco Scandella\scandma01,30,STL,D,49,3,6,9,14,24,0,0,1,55,5.5,977,64,60,0,4
741,Colton Sceviour\scevico01,31,PIT,C,46,5,5,10,0,2,0,0,0,53,9.4,441,28,64,5,4
742,Mark Scheifele\scheima01,27,WPG,C,56,21,42,63,-4,12,4,0,4,126,16.7,1174,38,31,352,4
743,Brayden Schenn\schenbr01,29,STL,C,56,16,20,36,-2,35,6,0,2,113,14.2,1072,35,119,318,4
744,Luke Schenn\schenlu01,31,TBL,D,38,2,2,4,2,51,0,0,0,43,4.7,409,17,99,0,4
745,Nick Schmaltz\schmani01,24,ARI,C,52,10,22,32,-1,16,3,0,1,105,9.5,887,25,15,230,4
746,Nate Schmidt\schmina01,29,VAN,D,54,5,10,15,-7,4,0,0,1,76,6.6,1086,72,15,0,4
747,Justin Schultz\schulju01,30,WSH,D,46,3,24,27,12,10,0,0,1,67,4.5,875,49,28,0,4
748,Jaden Schwartz\schwaja01,28,STL,C,40,8,13,21,2,20,1,0,1,70,11.4,708,26,40,7,4
749,Tyler Seguin\seguity01,29,DAL,C,3,2,0,2,0,0,0,0,0,8,25.0,51,1,8,19,4
750,Andrej Sekera\sekeran01,34,DAL,D,46,3,2,5,12,4,0,0,0,33,9.1,719,62,47,0,4
751,Zachary Senyshyn\senysza01,23,BOS,RW,8,0,0,0,-1,2,0,0,0,10,0.0,81,1,11,0,4
752,Mikhail Sergachev\sergami01,22,TBL,D,56,4,26,30,5,30,0,0,1,108,3.7,1230,73,66,0,4
753,Damon Severson\severda01,26,NJD,D,56,3,18,21,-8,29,0,0,0,91,3.3,1259,50,57,0,4
754,Michael Sgarbossa\sgarbmi01,28,WSH,C,5,0,2,2,2,0,0,0,0,4,0.0,49,2,1,10,4
755,Yegor Sharangovich\sharaye01,22,NJD,C,54,16,14,30,-4,4,2,1,3,114,14.0,908,20,20,26,4
756,Kevin Shattenkirk\shattke01,32,ANA,D,55,2,13,15,-8,28,1,0,0,93,2.2,1166,58,57,0,4
757,Andrew Shaw\shawan01,29,CHI,C,14,2,2,4,-5,6,2,0,0,25,8.0,212,4,20,30,4
758,Riley Sheahan\sheahri01,29,BUF,C,53,4,9,13,-8,8,0,1,0,44,9.1,705,15,17,256,4
759,Conor Sheary\shearco01,28,WSH,LW,53,14,8,22,-1,14,1,0,1,88,15.9,727,20,24,3,4
760,Kiefer Sherwood\sherwki01,25,COL,RW,16,0,3,3,2,0,0,0,0,18,0.0,141,6,40,1,4
761,Kole Sherwood\sherwko01,24,CBJ,RW,6,0,1,1,-2,7,0,0,0,7,0.0,62,0,22,0,4
762,Devin Shore\shorede01,26,EDM,C,38,5,4,9,-4,6,0,1,1,27,18.5,415,26,73,57,4
763,Drew Shore\shoredr01,30,CAR,C,4,0,0,0,-1,2,0,0,0,3,0.0,34,0,2,3,4
764,Jonas Siegenthaler\siegejo01,23,TOT,D,15,0,0,0,-9,4,0,0,0,7,0.0,234,17,20,0,4
765,Dylan Sikura\sikurdy01,25,VEG,C,6,2,0,2,0,0,0,0,0,8,25.0,61,1,3,0,4
766,Jakob Silfverberg\silfvja01,30,ANA,LW,47,8,8,16,-17,18,2,1,0,91,8.8,796,26,19,9,4
767,Radim Simek\simekra01,28,SJS,D,40,2,4,6,-9,15,0,0,0,26,7.7,568,49,76,0,4
768,Wayne Simmonds\simmowa01,32,TOR,RW,38,7,2,9,-3,45,3,0,0,62,11.3,455,15,64,6,4
769,Dominik Simon\simondo01,26,CGY,C,11,0,0,0,0,0,0,0,0,4,0.0,106,4,12,3,4
770,Colton Sissons\sissoco01,27,NSH,C,54,8,7,15,2,18,0,1,0,58,13.8,775,27,74,319,4
771,Jeff Skinner\skinnje01,28,BUF,LW,53,7,7,14,-11,14,1,0,0,111,6.3,770,12,20,28,4
772,Brady Skjei\skjeibr01,26,CAR,D,52,3,7,10,6,30,0,0,1,104,2.9,1078,62,66,0,4
773,Jaccob Slavin\slavija01,26,CAR,D,52,3,12,15,22,2,0,0,0,101,3.0,1195,87,35,0,4
774,Brendan Smith\smithbr05,31,NYR,D,48,5,5,10,3,73,0,0,0,58,8.6,789,41,84,0,4
775,C.J. Smith\smithcj01,26,BUF,LW,1,0,0,0,0,0,0,0,0,0,,8,0,3,0,4
776,Cole Smith\smithco02,25,NSH,F,1,0,0,0,0,0,0,0,0,1,0.0,6,0,0,0,4
777,Craig Smith\smithcr01,31,BOS,C,54,13,19,32,21,18,4,0,4,132,9.8,803,8,66,10,4
778,Gemel Smith\smithge02,26,TBL,C,5,0,3,3,3,11,0,0,0,0,,50,1,6,17,4
779,Givani Smith\smithgi01,22,DET,RW,16,1,3,4,-5,21,0,0,1,20,5.0,169,4,28,0,4
780,Reilly Smith\smithre01,29,VEG,RW,53,14,11,25,10,18,4,2,1,124,11.3,947,20,46,0,4
781,Ty Smith\smithty01,20,NJD,D,48,2,21,23,-9,22,1,0,0,69,2.9,966,35,32,0,4
782,Carl Soderberg\soderca01,35,TOT,C,45,7,10,17,-5,18,4,0,1,61,11.5,649,36,66,201,4
783,Victor Soderstrom\sodervi01,19,ARI,D,4,1,1,2,4,0,0,0,0,6,16.7,65,0,4,0,4
784,Marcus Sorensen\sorenma01,28,SJS,RW,29,1,4,5,-5,16,0,0,0,26,3.8,351,11,22,3,4
785,Carson Soucy\soucyca01,26,MIN,D,50,1,16,17,22,51,0,0,1,47,2.1,764,49,62,0,4
786,Jason Spezza\spezzja01,37,TOR,C,54,10,20,30,3,6,1,0,2,81,12.3,596,10,26,275,4
787,Daniel Sprong\spronda01,23,WSH,RW,42,13,7,20,7,12,0,0,3,74,17.6,490,1,28,4,4
788,Jared Spurgeon\spurgja01,31,MIN,D,54,7,18,25,-2,6,3,0,0,94,7.4,1193,102,52,0,4
789,Eric Staal\staaler01,36,TOT,C,53,5,8,13,-30,10,1,0,1,82,6.1,780,15,23,268,4
790,Jordan Staal\staaljo01,32,CAR,C,53,16,22,38,2,30,7,0,4,103,15.5,980,24,135,628,4
791,Marc Staal\staalma01,34,DET,D,56,3,7,10,-5,20,0,0,0,53,5.7,1031,45,58,0,4
792,Steven Stamkos\stamkst01,30,TBL,C,38,17,17,34,4,16,10,0,1,91,18.7,694,10,38,238,4
793,Logan Stanley\stanllo01,22,WPG,D,37,1,3,4,13,26,0,0,0,63,1.6,489,31,49,0,4
794,Paul Stastny\stastpa01,35,WPG,C,56,13,16,29,-3,32,2,0,4,101,12.9,975,19,38,324,4
795,Troy Stecher\stechtr01,26,DET,D,44,3,8,11,-13,12,0,0,0,55,5.5,762,46,33,0,4
796,Sam Steel\steelsa01,22,ANA,C,42,6,6,12,-7,8,0,0,0,42,14.3,610,19,41,237,4
797,Oskar Steen\steenos01,22,BOS,C,3,0,0,0,-1,2,0,0,0,6,0.0,40,1,11,0,4
798,Kevin Stenlund\stenlke01,24,CBJ,C,32,5,5,10,-4,8,0,0,1,42,11.9,401,13,17,103,4
799,Derek Stepan\stepade01,30,OTT,C,20,1,5,6,-6,8,0,0,0,44,2.3,301,16,25,130,4
800,Mitchell Stephens\stephmi01,23,TBL,C,7,0,1,1,-5,0,0,0,0,3,0.0,66,1,8,30,4
801,Chandler Stephenson\stephch02,26,VEG,C,51,14,21,35,22,29,2,1,5,83,16.9,923,35,43,375,4
802,Riley Stillman\stillri01,22,TOT,D,21,1,0,1,5,16,0,0,0,29,3.4,323,29,51,0,4
803,Mark Stone\stonema01,28,VEG,RW,55,21,40,61,26,28,6,1,8,98,21.4,1048,33,31,12,4
804,Michael Stone\stonemi01,30,CGY,D,21,2,2,4,-1,6,0,0,0,41,4.9,338,27,24,0,4
805,Anton Stralman\stralan01,34,FLA,D,38,3,6,9,-1,8,0,0,0,38,7.9,720,30,37,0,4
806,Austin Strand\stranau01,23,LAK,D,13,0,1,1,2,8,0,0,0,11,0.0,180,15,14,0,4
807,Dylan Strome\stromdy01,23,CHI,C,40,9,8,17,-16,14,4,0,1,71,12.7,621,19,8,198,4
808,Ryan Strome\stromry01,27,NYR,C,56,14,35,49,6,39,3,0,1,128,10.9,1023,18,22,321,4
809,Marian Studenic\studema01,22,NJD,RW,8,1,1,2,-2,4,0,0,0,7,14.3,86,4,13,0,4
810,Jack Studnicka\studnja01,21,BOS,C,20,1,2,3,-3,0,0,0,0,28,3.6,255,10,7,46,4
811,Nico Sturm\sturmni01,25,MIN,C,50,11,6,17,10,17,0,0,2,64,17.2,542,26,48,69,4
812,Tim Stützle\stuetti02,19,OTT,LW,53,12,17,29,-18,14,4,0,2,111,10.8,834,15,50,8,4
813,P.K. Subban\subbapk01,31,NJD,D,44,5,14,19,-16,26,2,0,0,99,5.1,984,46,41,0,4
814,Oskar Sundqvist\sundqos01,26,STL,C,28,4,5,9,-6,14,1,0,0,32,12.5,424,25,50,115,4
815,Antti Suomela\suomean01,26,SJS,C,4,0,0,0,0,0,0,0,0,4,0.0,44,4,6,14,4
816,Maksim Sushko\sushkma01,21,PHI,RW,2,0,0,0,-1,0,0,0,0,0,,19,0,2,0,4
817,Pius Suter\suterpi01,24,CHI,F,55,14,13,27,-5,14,1,0,3,112,12.5,898,34,28,266,4
818,Ryan Suter\suterry01,36,MIN,D,56,3,16,19,9,12,1,0,0,86,3.5,1242,65,38,0,4
819,Brandon Sutter\suttebr03,31,VAN,C,43,9,3,12,-9,2,0,2,0,65,13.8,648,28,18,276,4
820,Nick Suzuki\suzukni01,21,MTL,C,56,15,26,41,-5,26,5,1,1,110,13.6,1018,38,70,350,4
821,Andrei Svechnikov\svechan01,20,CAR,RW,55,15,27,42,1,44,4,0,1,147,10.2,965,18,114,2,4
822,Evgeny Svechnikov\svechev01,24,DET,LW,21,3,5,8,-3,10,1,0,1,21,14.3,248,6,20,1,4
823,Brandon Tanev\tanevbr01,29,PIT,LW,32,7,9,16,12,22,0,1,0,43,16.3,462,33,139,3,4
824,Chris Tanev\tanevch01,31,CGY,D,56,2,10,12,15,6,0,0,0,66,3.0,1217,107,33,0,4
825,Vladimir Tarasenko\tarasvl01,29,STL,RW,24,4,10,14,-7,0,2,0,0,65,6.2,418,15,30,0,4
826,Tomas Tatar\tatarto01,30,MTL,LW,50,10,20,30,0,8,2,0,1,82,12.2,749,20,63,12,4
827,John Tavares\tavarjo01,30,TOR,C,56,19,31,50,12,14,6,0,2,163,11.7,1019,28,51,471,4
828,Matt Tennyson\tennyma01,30,NJD,D,21,1,2,3,0,2,0,0,0,14,7.1,305,25,32,0,4
829,Teuvo Teravainen\teravte01,26,CAR,F,21,5,10,15,5,4,0,0,2,49,10.2,345,9,8,13,4
830,Troy Terry\terrytr01,23,ANA,C,48,7,13,20,-1,18,0,0,0,69,10.1,706,13,5,2,4
831,Alexandre Texier\texieal01,21,CBJ,C,49,4,11,15,-13,22,0,0,0,75,5.3,776,19,49,128,4
832,Shea Theodore\theodsh01,25,VEG,D,53,8,34,42,28,14,0,0,0,161,5.0,1195,43,22,0,4
833,Ben Thomas\thomabe01,24,TBL,D,5,0,0,0,1,0,0,0,0,3,0.0,71,4,4,0,4
834,Robert Thomas\thomaro01,21,STL,C,33,3,9,12,1,10,0,0,1,22,13.6,449,11,5,112,4
835,Nate Thompson\thompna01,36,WPG,C,44,2,3,5,4,4,0,0,1,20,10.0,426,20,60,143,4
836,Tage Thompson\thompta01,23,BUF,C,38,8,6,14,-6,17,2,0,0,96,8.3,527,8,25,2,4
837,Tyce Thompson\thompty01,21,NJD,RW,7,0,1,1,-3,0,0,0,0,4,0.0,61,2,5,0,4
838,Joe Thornton\thornjo01,41,TOR,C,44,5,15,20,6,14,0,0,0,42,11.9,604,10,32,39,4
839,Chris Tierney\tiernch01,26,OTT,C,55,6,13,19,-12,8,0,0,3,53,11.3,824,32,23,269,4
840,Dmytro Timashov\timasdm01,24,NYI,LW,1,0,0,0,-2,0,0,0,0,1,0.0,7,0,2,0,4
841,Conor Timmins\timmico01,22,COL,D,31,0,7,7,6,8,0,0,0,31,0.0,420,22,18,0,4
842,Jarred Tinordi\tinorja01,28,TOT,D,21,0,1,1,-6,11,0,0,0,30,0.0,359,30,56,0,4
843,Owen Tippett\tippeow01,21,FLA,RW,45,7,11,18,-5,6,2,0,2,86,8.1,517,5,59,2,4
844,Brady Tkachuk\tkachbr01,21,OTT,LW,56,17,19,36,-17,69,5,0,3,220,7.7,1021,23,248,118,4
845,Matthew Tkachuk\tkachma01,23,CGY,LW,56,16,27,43,6,55,4,0,0,151,10.6,1017,9,132,3,4
846,Devon Toews\toewsde01,26,COL,D,53,9,22,31,29,16,2,0,2,121,7.4,1313,87,44,0,4
847,Tyler Toffoli\toffoty01,28,MTL,C,52,28,16,44,0,24,7,2,5,158,17.7,911,12,75,21,4
848,Eeli Tolvanen\tolvaee01,21,NSH,RW,40,11,11,22,-10,4,6,0,4,65,16.9,592,16,78,1,4
849,Dominic Toninato\tonindo01,26,WPG,C,2,0,1,1,0,0,0,0,0,2,0.0,25,1,4,0,4
850,Yakov Trenin\treniya01,24,NSH,C,45,5,6,11,4,22,0,0,0,62,8.1,520,21,94,4,4
851,Vincent Trocheck\trochvi01,27,CAR,C,47,17,26,43,-3,20,7,0,2,123,13.8,857,28,107,431,4
852,Jacob Trouba\troubja01,26,NYR,D,38,2,10,12,3,22,0,0,1,70,2.9,817,84,111,0,4
853,Alexander True\trueal01,23,SJS,F,7,0,1,1,1,6,0,0,0,7,0.0,70,5,4,18,4
854,Alex Tuch\tuchal01,24,VEG,RW,55,18,15,33,16,28,2,0,3,142,12.7,925,36,52,12,4
855,Kyle Turris\turriky01,31,EDM,C,27,2,3,5,-11,10,0,0,0,27,7.4,333,8,16,97,4
856,Carsen Twarynski\twaryca01,23,PHI,F,7,0,0,0,-3,2,0,0,0,4,0.0,62,2,17,1,4
857,Urho Vaakanainen\vaakaur01,22,BOS,D,9,0,2,2,-3,2,0,0,0,15,0.0,170,19,3,0,4
858,Juuso Valimaki\valimju01,22,CGY,D,49,2,9,11,-2,26,0,0,0,72,2.8,756,60,28,0,4
859,James van Riemsdyk\vanrija01,31,PHI,LW,56,17,26,43,2,14,10,0,1,132,12.9,926,16,40,9,4
860,Trevor van Riemsdyk\vanritr01,29,WSH,D,20,1,2,3,-1,2,0,0,0,23,4.3,342,27,13,0,4
861,Sami Vatanen\vatansa01,29,TOT,D,39,2,4,6,3,20,0,0,0,55,3.6,664,49,27,0,4
862,Frank Vatrano\vatrafr01,26,FLA,LW,56,18,8,26,8,26,2,0,7,158,11.4,813,21,69,4,4
863,Joe Veleno\velenjo01,21,DET,C,5,1,0,1,0,4,1,0,0,8,12.5,76,4,7,17,4
864,Carter Verhaeghe\verhaca01,25,FLA,C,43,18,18,36,24,31,1,1,3,107,16.8,763,14,33,23,4
865,Kristian Vesalainen\vesalkr01,21,WPG,W,12,0,1,1,0,0,0,0,0,5,0.0,104,5,8,0,4
866,Jimmy Vesey\veseyji02,27,TOT,LW,50,5,5,10,-14,10,0,0,1,58,8.6,635,19,38,3,4
867,Jeffrey Viel\vielje01,24,SJS,F,11,0,0,0,-7,23,0,0,0,10,0.0,80,0,22,0,4
868,Gabriel Vilardi\vilarga01,21,LAK,C,54,10,13,23,-8,6,3,0,3,65,15.4,797,19,18,291,4
869,Jake Virtanen\virtaja01,24,VAN,RW,38,5,0,5,-4,41,1,0,1,50,10.0,466,12,83,9,4
870,Marc-Edouard Vlasic\vlasima01,33,SJS,D,51,1,5,6,-7,8,0,0,0,37,2.7,893,64,40,0,4
871,Alexander Volkov\volkoal01,23,TOT,RW,37,7,6,13,1,6,0,0,0,35,20.0,431,26,36,2,4
872,Jakub Voracek\voracja01,31,PHI,RW,53,9,34,43,-12,18,0,0,2,104,8.7,897,20,17,7,4
873,Jakub Vrana\vranaja01,24,TOT,LW,50,19,17,36,10,10,0,0,7,100,19.0,750,8,29,4,4
874,Austin Wagner\wagneau01,23,LAK,LW,44,4,4,8,-14,15,0,0,1,67,6.0,462,10,97,0,4
875,Chris Wagner\wagnech01,29,BOS,C,41,2,3,5,-9,24,0,1,0,57,3.5,479,21,75,41,4
876,Oliver Wahlstrom\wahlsol01,20,NYI,RW,44,12,9,21,2,21,4,0,1,94,12.8,545,14,57,5,4
877,Daniel Walcott\walcoda01,26,TBL,D,1,0,0,0,-1,5,0,0,0,1,0.0,10,0,7,0,4
878,Nathan Walker\walkena01,26,STL,C,8,1,0,1,-4,2,0,0,0,10,10.0,108,6,14,2,4
879,Sean Walker\walkese01,26,LAK,D,47,5,13,18,-13,18,0,0,0,92,5.4,854,72,43,0,4
880,Lucas Wallmark\wallmlu01,25,TOT,C,20,0,3,3,-4,6,0,0,0,11,0.0,228,6,25,67,4
881,Jake Walman\walmaja01,24,STL,D,24,1,1,2,-7,8,0,0,0,47,2.1,347,20,26,0,4
882,Austin Watson\watsoau01,29,OTT,LW,34,3,7,10,-7,40,0,0,0,41,7.3,408,49,100,6,4
883,Shea Weber\webersh01,35,MTL,D,48,6,13,19,-4,33,4,0,1,104,5.8,1090,68,70,0,4
884,Yannick Weber\weberya01,32,PIT,D,2,0,0,0,-3,0,0,0,0,1,0.0,23,0,4,0,4
885,MacKenzie Weegar\weegama01,27,FLA,D,54,6,30,36,29,45,0,0,1,101,5.9,1194,83,118,0,4
886,Andy Welinski\welinan01,27,ANA,D,13,0,0,0,4,0,0,0,0,16,0.0,195,7,14,0,4
887,Alexander Wennberg\wennbal01,26,FLA,C,56,17,12,29,6,8,3,1,2,82,20.7,1017,36,29,388,4
888,Zach Werenski\werenza01,23,CBJ,D,35,7,13,20,-9,13,0,0,1,79,8.9,853,39,21,0,4
889,Blake Wheeler\wheelbl01,34,WPG,RW,50,15,31,46,-17,50,4,0,2,113,13.3,917,30,63,3,4
890,Colin White\whiteco02,24,OTT,C,45,10,8,18,-6,16,2,0,0,69,14.5,661,18,58,170,4
891,Colton White\whiteco03,23,NJD,D,2,0,0,0,-1,0,0,0,0,3,0.0,29,0,2,0,4
892,Zach Whitecloud\whiteza01,24,VEG,D,51,2,10,12,9,24,0,0,1,54,3.7,909,75,85,0,4
893,Tom Wilson\wilsoto01,26,WSH,RW,47,13,20,33,1,96,4,1,4,83,15.7,777,25,105,11,4
894,Christian Wolanin\wolanch01,25,TOT,D,18,0,3,3,-6,8,0,0,0,16,0.0,239,7,3,0,4
895,Miles Wood\woodmi01,25,NJD,LW,55,17,8,25,-6,29,3,0,2,127,13.4,824,25,38,7,4
896,Kailer Yamamoto\yamamka01,22,EDM,RW,52,8,13,21,9,26,1,0,0,69,11.6,851,40,52,0,4
897,Keith Yandle\yandlke01,34,FLA,D,56,3,24,27,-8,38,1,0,1,113,2.7,966,27,18,0,4
898,Jesse Ylönen\yloneje01,21,MTL,RW,1,0,0,0,0,0,0,0,0,1,0.0,11,0,0,0,4
899,Cameron York\yorkca01,20,PHI,D,3,0,0,0,-1,0,0,0,0,1,0.0,59,2,1,0,4
900,Pavel Zacha\zachapa01,23,NJD,C,50,17,18,35,-11,10,5,0,4,103,16.5,858,10,42,312,4
901,Filip Zadina\zadinfi01,21,DET,RW,49,6,13,19,-4,0,3,0,1,97,6.2,823,22,22,5,4
902,Nikita Zadorov\zadorni01,25,CHI,D,55,1,7,8,1,36,0,0,0,52,1.9,1056,74,190,0,4
903,Nikita Zaitsev\zaitsni01,29,OTT,D,55,4,13,17,-13,26,0,0,1,70,5.7,1251,110,114,0,4
904,Travis Zajac\zajactr01,35,TOT,C,46,8,12,20,-1,6,0,0,2,50,16.0,756,22,51,310,4
905,Yegor Zamula\zamulye01,20,PHI,D,2,0,0,0,1,0,0,0,0,5,0.0,34,1,1,0,4
906,Jakub Zboril\zborija01,23,BOS,D,42,0,9,9,0,18,0,0,0,35,0.0,716,33,63,0,4
907,Trevor Zegras\zegratr01,19,ANA,C,24,3,10,13,6,12,0,0,0,53,5.7,370,4,7,42,4
908,Mika Zibanejad\zibanmi01,27,NYR,C,56,24,26,50,2,18,10,2,7,171,14.0,1126,44,75,479,4
909,Radim Zohorna\zohorra01,24,PIT,F,8,2,2,4,4,4,0,0,1,8,25.0,72,0,7,5,4
910,Artem Zub\zubar01,25,OTT,D,47,3,11,14,4,26,0,0,1,39,7.7,864,70,89,0,4
911,Mats Zuccarello\zuccama01,33,MIN,LW,42,11,24,35,9,8,3,0,0,74,14.9,701,19,12,11,4
912,Jason Zucker\zuckeja01,29,PIT,LW,38,9,9,18,-8,21,1,0,1,67,13.4,596,15,69,3,4
