Rk,Player,Age,Tm,Pos,GP,G,A,PTS,+/-,PIM,PS,EV,PP,SH,GW,EV,PP,SH,S,S%,TOI,ATOI
1,Ramzi Abid\abidra01,26,NSH,LW,13,1,4,5,-3,13,0.2,1,0,0,0,4,0,0,12,8.3,141,10:51
2,Craig Adams\adamscr01,29,CAR,RW,82,7,7,14,-9,54,0.4,6,0,1,1,6,0,1,71,9.9,826,10:04
3,Kevyn Adams\adamske01,32,TOT,C,68,3,9,12,-20,25,-0.6,2,0,1,0,7,1,1,87,3.4,742,10:55
4,Dmitry Afanasenkov\afanadm01,26,TOT,LW,74,11,10,21,-25,20,1.0,11,0,0,0,10,0,0,96,11.5,779,10:31
5,Maxim Afinogenov\afinoma01,27,BUF,RW,56,23,38,61,19,66,7.1,16,7,0,3,25,13,0,151,15.2,955,17:03
6,Andrew Alberts\alberan01,25,BOS,D,76,0,10,10,-15,124,1.5,0,0,0,0,9,1,0,41,0.0,1495,19:40
7,Nikita Alexeev\alexeni01,25,TOT,RW,78,12,11,23,7,12,2.0,10,2,0,2,9,2,0,117,10.3,1075,13:47
8,Daniel Alfredsson\alfreda01,34,OTT,RW,77,29,58,87,42,42,10.0,20,7,2,7,38,18,2,240,12.1,1661,21:35
9,Bobby Allen\allenbo01,28,BOS,D,31,0,3,3,-1,10,0.7,0,0,0,0,2,0,1,14,0.0,404,13:02
10,Bryan Allen\allenbr01,26,FLA,D,82,4,21,25,7,112,4.7,4,0,0,0,18,2,1,99,4.0,1771,21:36
11,Tony Amonte\amontto01,36,CGY,RW,81,10,20,30,-4,40,1.7,8,1,1,1,17,2,1,139,7.2,1146,14:09
12,Nik Antropov\antroni01,26,TOR,C,54,18,15,33,8,44,3.7,14,4,0,4,14,1,0,125,14.4,896,16:36
13,Denis Arkhipov\arkhide01,27,CHI,C,79,10,17,27,-13,54,1.2,7,2,1,1,9,4,4,112,8.9,1241,15:43
14,Colby Armstrong\armstco01,24,PIT,RW,80,12,22,34,2,67,2.2,10,1,1,3,17,3,2,145,8.3,1346,16:50
15,Derek Armstrong\armstde01,33,LAK,C,67,11,33,44,13,62,4.3,8,3,0,0,27,6,0,109,10.1,1009,15:04
16,Tyler Arnason\arnasty01,27,COL,C,82,16,33,49,-8,26,4.1,15,1,0,3,22,11,0,211,7.6,1176,14:20
17,Jason Arnott\arnotja01,32,NSH,C,68,27,27,54,15,48,6.5,15,12,0,6,19,8,0,190,14.2,1223,17:59
18,Arron Asham\ashamar01,28,NYI,RW,80,11,12,23,3,63,2.1,11,0,0,2,10,2,0,85,12.9,746,9:20
19,Adrian Aucoin\aucoiad01,33,CHI,D,59,4,12,16,-22,50,1.7,2,2,0,3,6,6,0,96,4.2,1229,20:50
20,Keith Aucoin\aucoike01,28,CAR,RW,8,0,1,1,1,0,0.1,0,0,0,0,0,1,0,6,0.0,50,6:17
21,Sean Avery\averyse01,26,TOT,LW,84,18,30,48,1,174,4.2,15,2,1,2,16,13,1,249,7.2,1444,17:11
22,P.J. Axelsson\axelspj01,31,BOS,LW,55,11,16,27,-10,52,1.7,6,3,2,0,9,7,0,81,13.6,1076,19:34
23,Anton Babchuk\babchan01,22,CAR,D,52,2,12,14,-6,30,2.0,2,0,0,2,8,3,1,63,3.2,906,17:26
24,David Backes\backeda01,22,STL,C,49,10,13,23,6,37,2.4,8,2,0,2,12,1,0,89,11.2,657,13:25
25,Christian Backman\backmch01,26,STL,D,61,7,11,18,13,36,4.7,6,1,0,0,8,3,0,80,8.8,1352,22:10
26,Jaroslav Balastik\balasja01,27,CBJ,LW,8,1,1,2,-3,4,0.1,0,1,0,0,1,0,0,6,16.7,65,8:10
27,Keith Ballard\ballake01,24,PHX,D,69,5,22,27,-7,59,4.2,3,2,0,0,12,9,1,79,6.3,1518,22:00
28,Krys Barch\barchkr01,26,DAL,RW,26,3,2,5,2,107,0.7,3,0,0,2,2,0,0,12,25.0,147,5:38
29,Cam Barker\barkeca01,20,CHI,D,35,1,7,8,-12,44,0.7,0,1,0,0,2,5,0,38,2.6,676,19:19
30,Matthew Barnaby\barnama01,33,DAL,RW,39,1,6,7,5,127,0.6,1,0,0,0,6,0,0,22,4.5,317,8:07
31,Stu Barnes\barnest01,36,DAL,C,82,13,12,25,-2,40,2.0,12,1,0,2,11,0,1,118,11.0,1320,16:06
32,Shawn Bates\batessh01,31,NYI,C,48,4,6,10,13,34,0.7,3,0,1,0,6,0,0,50,8.0,601,12:32
33,Bates Battaglia\battaba01,31,TOR,LW,82,12,19,31,9,45,2.6,12,0,0,0,19,0,0,94,12.8,1021,12:27
34,Nolan Baumgartner\baumgno01,30,TOT,D,13,0,3,3,0,21,0.6,0,0,0,0,2,1,0,8,0.0,176,13:30
35,Ryan Bayda\baydary01,26,CAR,LW,9,1,1,2,-1,2,0.1,1,0,0,0,1,0,0,10,10.0,78,8:41
36,Francois Beauchemin\beaucfr01,26,ANA,D,71,7,21,28,7,49,6.3,5,2,0,0,10,11,0,128,5.5,1809,25:28
37,Kris Beech\beechkr01,25,WSH,C,64,8,18,26,-11,46,1.6,5,3,0,0,10,8,0,77,10.4,798,12:28
38,Steve Begin\beginst01,28,MTL,LW,52,5,5,10,-6,46,0.3,5,0,0,0,3,0,2,64,7.8,619,11:55
39,Wade Belak\belakwa01,30,TOR,D,65,0,3,3,-8,110,-0.2,0,0,0,0,3,0,0,16,0.0,327,5:02
40,Eric Belanger\belaner01,29,TOT,C,80,17,18,35,-2,26,3.0,13,4,0,1,16,2,0,149,11.4,1299,16:15
41,Brendan Bell\bellbr02,23,TOT,D,45,1,6,7,-11,27,0.4,0,1,0,0,5,1,0,47,2.1,616,13:41
42,Mark Bell\bellma01,26,SJS,LW,71,11,10,21,-9,83,1.5,8,3,0,2,6,4,0,116,9.5,920,12:57
43,Shawn Belle\bellesh01,22,MIN,D,9,0,1,1,4,0,0.6,0,0,0,0,1,0,0,3,0.0,89,9:56
44,Bryan Berard\berarbr01,29,CBJ,D,11,0,3,3,-4,8,0.3,0,0,0,0,2,1,0,22,0.0,209,18:58
45,Marc-Andre Bergeron\bergema02,26,TOT,D,78,14,32,46,-4,38,7.8,4,10,0,4,17,15,0,166,8.4,1491,19:07
46,Patrice Bergeron\bergepa01,21,BOS,C,77,22,48,70,-28,26,5.8,8,14,0,6,22,24,2,224,9.8,1603,20:49
47,Steve Bernier\bernist01,21,SJS,RW,62,15,16,31,5,29,3.6,9,6,0,4,8,8,0,104,14.4,842,13:35
48,Todd Bertuzzi\bertuto01,31,TOT,RW,15,3,8,11,-1,19,1.0,2,1,0,0,4,4,0,23,13.0,240,16:00
49,Blair Betts\bettsbl01,26,NYR,C,82,9,4,13,-4,24,0.1,7,1,1,0,4,0,0,120,7.5,1151,14:02
50,Bryan Bickell\bickebr01,20,CHI,LW,3,2,0,2,1,0,0.4,2,0,0,0,0,0,0,10,20.0,35,11:49
51,Kevin Bieksa\biekske01,25,VAN,D,81,12,30,42,1,134,8.6,6,6,0,2,17,13,0,203,5.9,1966,24:16
52,Sebastien Bisaillon\bisaise01,20,EDM,D,2,0,0,0,-1,0,0.0,0,0,0,0,0,0,0,3,0.0,28,14:12
53,Jason Blake\blakeja01,33,NYI,LW,82,40,29,69,1,34,8.3,26,14,0,7,21,8,0,305,13.1,1488,18:09
54,Rob Blake*\blakero01,37,LAK,D,72,14,20,34,-26,82,4.6,3,11,0,1,4,15,1,208,6.7,1757,24:24
55,Mike Blunden\blundmi01,20,CHI,RW,9,0,0,0,-5,10,-0.4,0,0,0,0,0,0,0,10,0.0,102,11:23
56,Brandon Bochenski\bochebr01,24,TOT,RW,41,13,11,24,1,16,2.9,10,3,0,2,9,2,0,92,14.1,564,13:46
57,Eric Boguniecki\boguner01,31,NYI,C,11,0,0,0,0,8,-0.1,0,0,0,0,0,0,0,2,0.0,54,4:54
58,Danny Bois\boisda01,23,OTT,RW,1,0,0,0,0,7,0.0,0,0,0,0,0,0,0,1,0.0,4,3:53
59,Dave Bolland\bollada01,20,CHI,C,1,0,0,0,-1,0,-0.1,0,0,0,0,0,0,0,1,0.0,11,11:17
60,Peter Bondra\bondrpe01,38,CHI,RW,37,5,9,14,2,26,1.3,3,2,0,3,8,1,0,46,10.9,445,12:01
61,Radek Bonk\bonkra01,31,MTL,C,74,13,10,23,0,54,1.8,10,1,2,1,8,1,1,111,11.7,1174,15:52
62,Derek Boogaard\boogade01,24,MIN,LW,48,0,1,1,0,120,-0.2,0,0,0,0,1,0,0,11,0.0,222,4:38
63,David Booth\boothda01,22,FLA,LW,48,3,7,10,0,12,0.4,3,0,0,1,7,0,0,86,3.5,459,9:34
64,Darryl Bootland\bootlda01,25,DET,RW,6,0,0,0,0,9,0.0,0,0,0,0,0,0,0,4,0.0,25,4:08
65,Pierre-Marc Bouchard\bouchpi02,22,MIN,C,82,20,37,57,13,14,6.6,15,5,0,3,18,19,0,173,11.6,1311,15:59
66,Philippe Boucher\bouchph01,33,DAL,D,76,19,32,51,2,104,10.5,7,12,0,4,12,19,1,222,8.6,1740,22:54
67,Tyler Bouck\bouckty01,27,VAN,LW,6,0,0,0,-1,16,-0.1,0,0,0,0,0,0,0,7,0.0,48,7:55
68,Francis Bouillon\bouilfr01,31,MTL,D,62,3,11,14,-10,52,2.3,2,1,0,1,9,1,1,56,5.4,1135,18:19
69,Eric Boulton\boulter01,30,ATL,LW,45,3,4,7,2,49,0.6,3,0,0,0,4,0,0,42,7.1,282,6:16
70,Luc Bourdon\bourdlu01,19,VAN,D,9,0,0,0,-1,4,0.0,0,0,0,0,0,0,0,3,0.0,80,8:50
71,Rene Bourque\bourqre01,25,CHI,LW,44,7,10,17,-4,38,1.1,4,2,1,1,8,2,0,82,8.5,705,16:01
72,Jay Bouwmeester\bouwmja01,23,FLA,D,82,12,30,42,23,66,8.8,9,3,0,3,22,8,0,174,6.9,2144,26:09
73,Dustin Boyd\boyddu01,20,CGY,C,13,2,2,4,5,4,0.6,2,0,0,1,2,0,0,8,25.0,132,10:09
74,Brad Boyes\boyesbr01,24,TOT,C,81,17,29,46,-17,29,3.6,15,1,1,2,20,8,1,182,9.3,1327,16:23
75,Dan Boyle\boyleda01,30,TBL,D,82,20,43,63,-5,62,10.4,9,10,1,4,16,27,0,203,9.9,2218,27:03
76,Nick Boynton\boyntni01,28,PHX,D,59,2,9,11,-13,138,1.3,1,1,0,0,9,0,0,53,3.8,991,16:48
77,Matt Bradley\bradlma01,28,WSH,RW,57,4,9,13,-5,47,0.3,4,0,0,0,8,0,1,77,5.2,679,11:55
78,Donald Brashear\brashdo01,35,WSH,LW,77,4,9,13,1,156,0.6,4,0,0,0,8,1,0,47,8.5,614,7:58
79,Tim Brent\brentti01,22,ANA,C,15,1,0,1,-5,6,-0.2,1,0,0,0,0,0,0,14,7.1,104,6:55
80,Eric Brewer\breweer01,27,STL,D,82,6,23,29,-10,69,4.4,4,2,0,1,16,6,1,111,5.4,2011,24:32
81,Daniel Briere\brierda01,29,BUF,C,81,32,63,95,17,89,10.0,23,9,0,6,42,21,0,234,13.7,1564,19:19
82,Rod Brind'Amour\brindro01,36,CAR,C,78,26,56,82,7,46,8.2,15,9,2,5,32,21,3,181,14.4,1819,23:19
83,Patrice Brisebois\brisepa01,36,COL,D,33,1,10,11,-5,22,1.3,0,1,0,0,6,4,0,36,2.8,640,19:23
84,Kyle Brodziak\brodzky01,22,EDM,C,6,1,0,1,0,2,0.1,1,0,0,0,0,0,0,11,9.1,103,17:08
85,Sheldon Brookbank\brooksh01,26,NSH,D,3,0,1,1,0,12,0.1,0,0,0,0,1,0,0,3,0.0,25,8:16
86,Wade Brookbank\brookwa01,29,BOS,D,7,1,0,1,-1,15,0.2,1,0,0,0,0,0,0,1,100.0,31,4:25
87,Alex Brooks\brookal01,30,NJD,D,19,0,1,1,-1,4,0.3,0,0,0,0,1,0,0,4,0.0,164,8:39
88,Troy Brouwer\brouwtr01,21,CHI,RW,10,0,0,0,-7,7,-0.5,0,0,0,0,0,0,0,7,0.0,99,9:55
89,Curtis Brown\browncu01,30,SJS,C,78,8,12,20,-2,56,1.2,6,0,2,3,10,1,1,84,9.5,1027,13:10
90,Dustin Brown\browndu01,22,LAK,LW,81,17,29,46,-21,54,2.8,4,13,0,1,16,12,1,195,8.7,1516,18:43
91,Gilbert Brule\brulegi01,20,CBJ,C,78,9,10,19,-21,28,0.7,6,3,0,0,6,4,0,98,9.2,830,10:39
92,Andrew Brunette\brunean01,33,COL,LW,82,27,56,83,-8,36,8.2,18,9,0,2,29,27,0,173,15.6,1436,17:31
93,Sergei Brylin\brylise01,33,NJD,C,82,16,24,40,-5,35,3.4,8,8,0,2,16,7,1,97,16.5,1456,17:45
94,Jan Bulis\bulisja01,28,VAN,C,79,12,11,23,-8,70,1.5,10,1,1,2,9,2,0,122,9.8,1136,14:23
95,Adam Burish\burisad01,24,CHI,RW,9,0,0,0,-4,2,-0.3,0,0,0,0,0,0,0,12,0.0,100,11:08
96,Brent Burns\burnsbr01,21,MIN,D,77,7,18,25,16,26,6.6,4,3,0,3,13,4,1,108,6.5,1216,15:48
97,Alexandre Burrows\burroal01,25,VAN,LW,81,3,6,9,-7,93,-0.5,3,0,0,1,5,1,0,70,4.3,927,11:26
98,Dustin Byfuglien\byfugdu01,21,CHI,D,9,1,2,3,-2,10,0.4,1,0,0,0,0,2,0,18,5.6,156,17:18
99,Eric Cairns\cairner01,32,PIT,D,1,0,0,0,0,5,0.0,0,0,0,0,0,0,0,0,,1,0:42
100,Petr Cajanek\cajanpe01,31,STL,C,77,15,33,48,9,54,4.5,14,1,0,1,25,8,0,167,9.0,1251,16:15
101,Kyle Calder\caldeky01,28,TOT,LW,78,14,21,35,-25,58,2.0,9,3,2,2,14,7,0,130,10.8,1212,15:32
102,Ryan Callahan\callary01,21,NYR,RW,14,4,2,6,5,9,1.0,4,0,0,1,2,0,0,40,10.0,147,10:31
103,Mike Cammalleri\cammami01,24,LAK,C,81,34,46,80,5,48,9.1,18,16,0,5,25,21,0,299,11.4,1462,18:03
104,Brian Campbell\campbbr02,27,BUF,D,82,6,42,48,28,35,7.6,5,1,0,1,33,8,1,92,6.5,1794,21:53
105,Darcy Campbell\campbda02,22,CBJ,D,1,0,0,0,0,0,0.0,0,0,0,0,0,0,0,0,,6,5:41
106,Gregory Campbell\campbgr01,23,FLA,C,79,6,3,9,-10,66,-0.5,5,0,1,0,3,0,0,103,5.8,835,10:34
107,Chris Campoli\campoch01,22,NYI,D,51,1,13,14,-3,23,1.8,1,0,0,0,9,4,0,41,2.4,756,14:50
108,Daniel Carcillo\carcida01,22,PHX,LW,18,4,3,7,-7,74,0.4,1,3,0,0,3,0,0,32,12.5,269,14:56
109,Mike Card\cardmi01,20,BUF,D,4,0,0,0,0,0,0.0,0,0,0,0,0,0,0,0,,18,4:34
110,Matt Carle\carlema01,22,SJS,D,77,11,31,42,9,30,8.2,3,8,0,1,13,18,0,111,9.9,1397,18:08
111,Keith Carney\carneke01,36,MIN,D,80,4,13,17,22,58,6.0,4,0,0,1,11,0,2,31,12.9,1242,15:31
112,Anson Carter\cartean01,32,TOT,RW,64,11,17,28,-4,18,2.4,7,4,0,1,13,4,0,70,15.7,901,14:05
113,Jeff Carter\carteje01,22,PHI,C,62,14,23,37,-17,48,2.6,9,3,2,1,18,4,1,215,6.5,1178,19:00
114,Zdeno Chara\charazd01,29,BOS,D,80,11,32,43,-21,100,6.5,2,9,0,3,14,17,1,204,5.4,2237,27:58
115,Jonathan Cheechoo\cheecjo01,26,SJS,RW,76,37,32,69,11,69,9.2,22,15,0,5,17,15,0,250,14.8,1334,17:34
116,Chris Chelios*\chelich01,45,DET,D,71,0,11,11,11,34,3.3,0,0,0,0,10,0,1,72,0.0,1287,18:08
117,Jason Chimera\chimeja01,27,CBJ,LW,82,15,21,36,2,91,3.3,11,2,2,2,19,2,0,151,9.9,1260,15:22
118,Stanislav Chistov\chistst01,23,TOT,RW,61,5,8,13,-8,36,0.7,4,1,0,1,8,0,0,49,10.2,519,8:30
119,Marc Chouinard\chouima01,29,VAN,C,42,2,2,4,-2,10,-0.1,1,1,0,0,2,0,0,15,13.3,396,9:26
120,Erik Christensen\chriser01,23,PIT,C,61,18,15,33,-3,26,3.8,12,6,0,1,10,5,0,133,13.5,709,11:38
121,Brett Clark\clarkbr01,30,COL,D,82,10,29,39,5,50,6.7,6,4,0,1,18,10,1,140,7.1,1942,23:41
122,Chris Clark\clarkch01,30,WSH,RW,74,30,24,54,-10,66,5.9,17,9,4,2,17,7,0,164,18.3,1363,18:25
123,Noah Clarke\clarkno02,27,LAK,LW,13,2,0,2,-6,4,0.0,1,0,1,0,0,0,0,11,18.2,112,8:36
124,David Clarkson\clarkda03,22,NJD,RW,7,3,1,4,-1,6,0.5,1,2,0,1,1,0,0,18,16.7,119,17:02
125,Dan Cleary\clearda01,28,DET,RW,71,20,20,40,6,24,4.5,12,6,2,5,17,2,1,135,14.8,1098,15:28
126,Ryane Clowe\clowery01,24,SJS,LW,58,16,18,34,4,78,4.1,12,4,0,3,15,3,0,93,17.2,765,13:11
127,Ben Clymer\clymebe01,28,WSH,D,66,7,13,20,-17,44,2.1,7,0,0,0,6,7,0,78,9.0,920,13:57
128,Braydon Coburn\coburbr01,21,TOT,D,49,3,8,11,-1,46,2.1,2,1,0,0,5,3,0,54,5.6,758,15:29
129,Carlo Colaiacovo\colaica01,24,TOR,D,48,8,9,17,5,22,3.3,8,0,0,1,4,5,0,60,13.3,862,17:57
130,Erik Cole\coleer01,28,CAR,LW,71,29,32,61,2,76,7.1,20,9,0,4,22,9,1,166,17.5,1279,18:01
131,Jeremy Colliton\collije01,22,NYI,C,1,0,0,0,-1,0,0.0,0,0,0,0,0,0,0,0,,5,4:40
132,Blake Comeau\comeabl01,20,NYI,RW,3,0,0,0,0,0,-0.1,0,0,0,0,0,0,0,1,0.0,28,9:25
133,Mike Commodore\commomi01,27,CAR,D,82,7,22,29,0,113,5.3,5,0,2,1,18,1,3,136,5.1,1631,19:54
134,Mike Comrie\comrimi01,26,TOT,C,65,20,25,45,0,44,4.7,13,7,0,3,17,8,0,125,16.0,991,15:15
135,Chris Conner\connech01,23,DAL,RW,11,1,2,3,-3,4,0.1,1,0,0,0,2,0,0,18,5.6,124,11:15
136,Tim Connolly\connoti01,25,BUF,C,2,1,0,1,1,2,0.2,1,0,0,0,0,0,0,2,50.0,26,13:07
137,Craig Conroy\conrocr01,35,TOT,C,80,13,24,37,-3,56,2.6,8,4,1,2,18,5,1,112,11.6,1253,15:40
138,Matt Cooke\cookema01,28,VAN,LW,81,10,20,30,0,64,2.1,9,1,0,3,15,3,2,133,7.5,1264,15:37
139,Carl Corazzini\corazca01,27,CHI,C,7,0,1,1,0,2,0.0,0,0,0,0,1,0,0,5,0.0,76,10:47
140,Joe Corvo\corvojo01,29,OTT,D,76,8,29,37,8,42,5.6,5,3,0,2,17,12,0,160,5.0,1373,18:04
141,Riley Cote\coteri01,24,PHI,LW,8,0,0,0,0,11,-0.1,0,0,0,0,0,0,0,3,0.0,36,4:30
142,Patrick Coulombe\coulopa01,21,VAN,D,7,0,1,1,-6,4,-0.2,0,0,0,0,1,0,0,11,0.0,95,13:38
143,Jeff Cowan\cowanje01,30,TOT,LW,63,7,5,12,3,125,1.2,6,0,1,0,5,0,0,74,9.5,507,8:02
144,Ryan Craig\craigry01,25,TBL,C,72,14,13,27,-11,55,1.9,10,4,0,2,6,7,0,130,10.8,1104,15:20
145,Sidney Crosby\crosbsi01,19,PIT,C,79,36,84,120,10,60,13.3,23,13,0,4,36,48,0,250,14.4,1640,20:46
146,Mark Cullen\cullema02,28,PHI,C,3,0,0,0,-3,0,-0.2,0,0,0,0,0,0,0,4,0.0,19,6:15
147,Matt Cullen\cullema01,30,NYR,C,80,16,25,41,0,52,3.5,11,2,3,2,18,5,2,217,7.4,1373,17:10
148,Jassen Cullimore\cullija01,34,CHI,D,65,1,6,7,-6,64,1.5,1,0,0,0,6,0,0,17,5.9,1058,16:17
149,Kyle Cumiskey\cumisky01,20,COL,D,9,1,1,2,0,2,0.4,1,0,0,0,1,0,0,8,12.5,121,13:28
150,Trevor Daley\daleytr01,23,DAL,D,74,4,8,12,2,63,4.4,4,0,0,1,6,2,0,68,5.9,1434,19:23
151,Kevin Dallman\dallmke01,25,LAK,D,53,1,9,10,-13,12,0.8,1,0,0,0,6,3,0,76,1.3,678,12:48
152,Mathieu Dandenault\dandema01,30,MTL,D,68,2,6,8,-8,40,1.7,2,0,0,0,6,0,0,54,3.7,1096,16:07
153,Mathieu Darche\darchma01,30,SJS,LW,2,0,0,0,0,0,0.0,0,0,0,0,0,0,0,3,0.0,18,9:13
154,Pavel Datsyuk\datsypa01,28,DET,C,79,27,60,87,36,20,10.5,20,5,2,5,35,24,1,207,13.0,1577,19:57
155,Rob Davison\davisro01,26,SJS,D,22,0,2,2,-2,27,0.3,0,0,0,0,2,0,0,14,0.0,205,9:19
156,Nigel Dawes\dawesni01,21,NYR,LW,8,1,0,1,-4,0,0.0,1,0,0,0,0,0,0,7,14.3,54,6:44
157,Greg de Vries\devrigr01,34,ATL,D,82,3,21,24,-3,66,3.9,3,0,0,0,12,9,0,102,2.9,1824,22:14
158,Pavol Demitra\demitpa01,32,MIN,RW,71,25,39,64,0,28,7.1,15,9,1,4,21,17,1,175,14.3,1466,20:39
159,Nathan Dempsey\dempsna01,32,BOS,D,17,0,1,1,-2,6,0.1,0,0,0,0,1,0,0,4,0.0,169,9:57
160,Boyd Devereaux\deverbo01,28,TOR,C,33,8,11,19,4,12,1.9,8,0,0,0,10,1,0,57,14.0,504,15:17
161,Niko Dimitrakos\dimitni01,27,PHI,RW,5,0,0,0,-4,6,-0.2,0,0,0,0,0,0,0,4,0.0,43,8:32
162,Joe DiPenta\dipenjo01,27,ANA,D,76,2,6,8,1,48,2.2,2,0,0,1,6,0,0,33,6.1,924,12:09
163,Shane Doan\doansh01,30,PHX,RW,73,27,28,55,-14,73,5.2,16,11,0,7,16,12,0,209,12.9,1493,20:27
164,Shean Donovan\donovsh01,32,BOS,RW,76,6,11,17,-13,56,0.1,6,0,0,0,9,0,2,108,5.6,1076,14:09
165,Jim Dowd\dowdji01,38,NJD,C,66,4,4,8,-5,20,0.3,3,0,1,1,3,0,1,44,9.1,547,8:17
166,Aaron Downey\downeaa01,32,MTL,RW,21,1,0,1,-6,48,-0.2,1,0,0,1,0,0,0,10,10.0,105,4:59
167,Dallas Drake\drakeda01,37,STL,RW,60,6,6,12,-14,38,-0.1,4,0,2,2,5,0,1,74,8.1,773,12:53
168,Kris Draper\drapekr01,35,DET,C,81,14,15,29,7,58,2.3,9,0,5,1,15,0,0,157,8.9,1357,16:45
169,Chris Drury\drurych01,30,BUF,C,77,37,32,69,1,30,7.5,17,17,3,9,22,10,0,199,18.6,1446,18:47
170,Brandon Dubinsky\dubinbr01,20,NYR,C,6,0,0,0,0,2,-0.1,0,0,0,0,0,0,0,9,0.0,49,8:10
171,J.P. Dumont\dumonjp01,28,NSH,RW,82,21,45,66,14,28,6.9,16,5,0,3,31,14,0,143,14.7,1328,16:12
172,Micki DuPont\duponmi01,26,PIT,D,3,0,1,1,-3,4,-0.1,0,0,0,0,0,1,0,6,0.0,41,13:48
173,Pascal Dupuis\dupuipa01,27,TOT,LW,71,14,5,19,-17,42,1.0,10,2,2,1,3,1,1,156,9.0,1103,15:32
174,Radek Dvorak\dvorara01,29,STL,RW,82,10,27,37,-6,48,2.2,8,1,1,1,19,8,0,139,7.2,1282,15:38
175,Ben Eager\eagerbe01,23,PHI,LW,63,6,5,11,-13,233,0.3,6,0,0,0,5,0,0,48,12.5,519,8:14
176,Mark Eaton\eatonma01,29,PIT,D,35,0,3,3,-6,16,0.4,0,0,0,0,2,0,1,22,0.0,672,19:12
177,Patrick Eaves\eavespa01,22,OTT,RW,73,14,18,32,1,36,2.8,10,3,1,1,15,3,0,130,10.8,892,12:13
178,Alexander Edler\edleral01,20,VAN,D,22,1,2,3,3,6,1.0,1,0,0,0,2,0,0,10,10.0,252,11:27
179,Christian Ehrhoff\ehrhoch01,24,SJS,D,82,10,23,33,8,63,7.3,4,6,0,2,11,12,0,164,6.1,1523,18:34
180,Nils Ekman\ekmanni01,30,PIT,RW,34,6,9,15,-14,24,0.7,4,2,0,0,5,4,0,69,8.7,469,13:49
181,Patrik Elias\eliaspa01,30,NJD,C,75,21,48,69,1,38,7.1,13,8,0,5,25,23,0,267,7.9,1396,18:37
182,Matt Ellis\ellisma01,25,DET,LW,16,0,0,0,-1,6,-0.2,0,0,0,0,0,0,0,22,0.0,89,5:35
183,Matt Ellison\ellisma02,23,PHI,RW,2,0,0,0,0,0,0.0,0,0,0,0,0,0,0,1,0.0,12,5:58
184,Steve Eminger\emingst01,23,WSH,D,68,1,16,17,-14,63,1.6,1,0,0,0,13,0,3,27,3.7,1288,18:56
185,Martin Erat\eratma01,25,NSH,LW,68,16,41,57,13,50,5.5,10,5,1,3,28,13,0,132,12.1,1290,18:59
186,Anders Eriksson\eriksan01,32,CBJ,D,79,0,23,23,12,46,5.5,0,0,0,0,14,8,1,78,0.0,1596,20:12
187,Loui Eriksson\erikslo01,21,DAL,LW,59,6,13,19,-3,18,1.3,4,2,0,0,10,3,0,78,7.7,778,13:11
188,John Erskine\erskijo01,26,WSH,D,29,1,6,7,-13,69,0.1,1,0,0,0,4,1,1,14,7.1,523,18:03
189,Garnet Exelby\exelbga01,25,ATL,D,58,2,8,10,2,56,2.2,1,0,1,0,8,0,0,57,3.5,1044,18:00
190,Jim Fahey\faheyji01,27,NJD,D,13,0,1,1,0,2,0.4,0,0,0,0,1,0,0,7,0.0,140,10:47
191,Drew Fata\fatadr01,23,NYI,D,3,1,0,1,-2,5,0.1,1,0,0,0,0,0,0,1,100.0,31,10:17
192,Rico Fata\fatari01,26,WSH,LW,10,1,1,2,3,2,0.2,1,0,0,0,1,0,0,15,6.7,104,10:26
193,Sergei Fedorov*\fedorse01,37,CBJ,C,73,18,24,42,-7,56,3.6,9,7,2,2,11,11,2,163,11.0,1455,19:56
194,Todd Fedoruk\fedorto01,27,TOT,LW,58,3,11,14,-9,120,0.5,3,0,0,0,11,0,0,30,10.0,509,8:47
195,Ruslan Fedotenko\fedotru01,28,TBL,LW,80,12,20,32,-3,52,2.2,10,2,0,1,16,4,0,154,7.8,1301,16:15
196,Eric Fehr\fehrer01,21,WSH,RW,14,2,1,3,3,8,0.4,2,0,0,1,1,0,0,25,8.0,150,10:43
197,Andrew Ference\ferenan01,27,TOT,D,80,3,12,15,5,97,3.5,2,1,0,0,6,4,2,80,3.8,1580,19:45
198,Brad Ference\ferenbr01,27,CGY,D,5,0,0,0,-1,2,0.0,0,0,0,0,0,0,0,1,0.0,59,11:46
199,Vernon Fiddler\fiddlve01,26,NSH,C,72,11,15,26,11,40,2.3,10,0,1,1,15,0,0,90,12.2,981,13:38
200,Valtteri Filppula\filppva01,22,DET,C,73,10,7,17,8,20,1.6,10,0,0,1,7,0,0,76,13.2,822,11:16
201,Jeff Finger\fingeje01,27,COL,D,22,1,4,5,10,11,1.6,1,0,0,0,4,0,0,16,6.3,304,13:48
202,Patrick Fischer\fischpa01,31,PHX,C,27,4,6,10,0,24,0.9,4,0,0,1,6,0,0,32,12.5,293,10:51
203,Mike Fisher\fishemi01,26,OTT,C,68,22,26,48,15,41,5.1,13,7,2,3,19,5,2,193,11.4,1253,18:25
204,Rory Fitzpatrick\fitzpro02,32,VAN,D,58,1,6,7,12,46,3.0,1,0,0,1,4,0,2,41,2.4,817,14:06
205,Tomas Fleischmann\fleisto01,22,WSH,C,29,4,4,8,-6,8,0.4,3,1,0,1,4,0,0,52,7.7,337,11:38
206,Adam Foote\footead01,35,CBJ,D,59,3,9,12,-17,71,2.2,1,2,0,0,4,5,0,78,3.8,1459,24:44
207,Peter Forsberg*\forsbpe01,33,TOT,C,57,13,42,55,7,88,5.4,7,6,0,3,23,19,0,99,13.1,1043,18:18
208,Kurtis Foster\fosteku01,25,MIN,D,57,3,20,23,-3,52,4.1,3,0,0,0,7,13,0,135,2.2,1025,17:59
209,Matt Foy\foyma01,23,MIN,RW,9,0,0,0,-1,4,-0.1,0,0,0,0,0,0,0,6,0.0,65,7:11
210,Johan Franzén\franzjo01,27,DET,C,69,10,20,30,20,37,3.0,9,0,1,2,16,1,3,151,6.6,1076,15:35
211,Colin Fraser\fraseco01,22,CHI,C,1,0,0,0,-1,2,0.0,0,0,0,0,0,0,0,0,,3,3:18
212,Mark Fraser\frasema01,20,NJD,D,7,0,0,0,-1,7,0.0,0,0,0,0,0,0,0,1,0.0,25,3:34
213,Jeff Friesen\friesje01,30,CGY,LW,72,6,6,12,-2,34,0.0,5,0,1,0,4,1,1,55,10.9,877,12:11
214,Dan Fritsche\fritsda01,21,CBJ,C,59,12,15,27,3,35,2.8,6,5,1,4,12,3,0,81,14.8,828,14:02
215,Alex Frolov\froloal01,24,LAK,LW,82,35,36,71,-8,34,7.4,24,10,1,6,16,18,2,195,17.9,1635,19:56
216,Michael Funk\funkmi01,20,BUF,D,5,0,2,2,2,0,0.4,0,0,0,0,2,0,0,1,0.0,17,3:26
217,Marián Gáborík\gaborma01,24,MIN,RW,48,30,27,57,12,40,8.1,17,12,1,7,17,10,0,196,15.3,942,19:38
218,Simon Gagne\gagnesi01,26,PHI,LW,76,41,27,68,2,30,8.6,26,13,2,4,18,8,1,291,14.1,1599,21:02
219,Paul Gaustad\gaustpa01,24,BUF,C,54,9,13,22,11,74,1.9,6,3,0,0,7,5,1,75,12.0,719,13:19
220,Denis Gauthier\gauthde01,30,PHI,D,43,0,4,4,-11,45,0.3,0,0,0,0,2,0,2,23,0.0,716,16:39
221,Gabe Gauthier\gauthga01,23,LAK,LW,5,0,0,0,-1,2,-0.1,0,0,0,0,0,0,0,6,0.0,50,9:57
222,Martin Gelinas\gelinma01,36,FLA,LW,82,14,30,44,7,36,4.1,7,7,0,1,24,6,0,171,8.2,1101,13:26
223,Carsen Germyn\germyca01,24,CGY,C,2,0,0,0,0,0,0.0,0,0,0,0,0,0,0,3,0.0,17,8:26
224,Bruno Gervais\gervabr01,22,NYI,D,51,0,6,6,-10,28,0.3,0,0,0,0,3,3,0,47,0.0,784,15:23
225,Ryan Getzlaf\getzlry01,21,ANA,C,82,25,33,58,17,66,7.0,13,11,1,6,13,20,0,203,12.3,1235,15:04
226,Tom Gilbert\gilbeto01,24,EDM,D,12,1,5,6,-1,0,1.1,1,0,0,0,4,1,0,13,7.7,241,20:05
227,Hal Gill\gillha01,31,TOR,D,82,6,14,20,11,91,4.2,6,0,0,1,13,0,1,79,7.6,1549,18:53
228,Brian Gionta\giontbr01,28,NJD,RW,62,25,20,45,-3,36,5.3,14,11,0,4,13,7,0,194,12.9,1167,18:49
229,Mark Giordano\giordma01,23,CGY,D,48,7,8,15,7,36,3.2,4,3,0,2,6,2,0,49,14.3,645,13:27
230,Dan Girardi\girarda01,22,NYR,D,34,0,6,6,7,8,1.9,0,0,0,0,5,0,1,33,0.0,538,15:50
231,Alexandre Giroux\giroual01,25,WSH,C,9,2,2,4,-4,2,0.3,2,0,0,0,1,1,0,11,18.2,92,10:11
232,Tim Gleason\gleasti01,24,CAR,D,57,2,4,6,-10,57,1.1,1,1,0,0,2,1,1,72,2.8,1076,18:53
233,Curtis Glencross\glenccu01,24,TOT,LW,9,1,0,1,-5,2,-0.1,1,0,0,0,0,0,0,8,12.5,82,9:09
234,Rob Globke\globkro01,24,FLA,C,19,0,1,1,-3,0,-0.3,0,0,0,0,1,0,0,15,0.0,115,6:04
235,Mike Glumac\glumami01,26,STL,C,3,0,1,1,1,0,0.1,0,0,0,0,1,0,0,4,0.0,25,8:24
236,Marcel Goc\gocma01,23,SJS,C,78,5,8,13,-2,24,0.3,4,0,1,0,8,0,0,96,5.2,937,12:01
237,Eric Godard\godarer01,26,CGY,RW,19,0,1,1,0,50,0.0,0,0,0,0,1,0,0,3,0.0,72,3:47
238,Steven Goertzen\goertst01,22,CBJ,RW,7,0,0,0,0,10,-0.1,0,0,0,0,0,0,0,1,0.0,37,5:21
239,Scott Gomez\gomezsc01,27,NJD,C,72,13,47,60,7,42,5.7,9,4,0,1,28,19,0,248,5.2,1363,18:56
240,Sergei Gonchar\gonchse01,32,PIT,D,82,13,54,67,-5,72,9.6,2,10,1,3,14,38,2,191,6.8,2178,26:34
241,Boyd Gordon\gordobo01,23,WSH,RW,71,7,22,29,10,14,2.0,5,0,2,0,18,0,4,104,6.7,1127,15:53
242,Lee Goren\gorenle01,29,VAN,RW,2,0,0,0,-1,0,-0.1,0,0,0,0,0,0,0,2,0.0,23,11:21
243,Josh Gorges\gorgejo01,22,TOT,D,54,1,3,4,-4,26,1.5,1,0,0,0,1,2,0,40,2.5,924,17:06
244,David Gove\goveda01,28,CAR,LW,1,0,0,0,0,0,0.0,0,0,0,0,0,0,0,0,,3,3:16
245,Mikhail Grabovski\grabomi01,23,MTL,C,3,0,0,0,-2,0,-0.1,0,0,0,0,0,0,0,5,0.0,40,13:18
246,Triston Grant\granttr01,22,PHI,LW,8,0,1,1,-1,10,0.0,0,0,0,0,1,0,0,3,0.0,36,4:32
247,Chris Gratton\grattch01,31,FLA,C,81,13,22,35,1,94,3.0,12,1,0,1,21,1,0,131,9.9,980,12:06
248,Josh Gratton\grattjo01,24,PHX,LW,52,1,1,2,-9,188,-0.6,1,0,0,0,1,0,0,29,3.4,307,5:54
249,Josh Green\greenjo01,29,VAN,C,57,2,5,7,0,25,-0.1,2,0,0,2,4,0,1,74,2.7,650,11:25
250,Mike Green\greenmi03,21,WSH,D,70,2,10,12,-10,36,1.3,2,0,0,0,4,6,0,68,2.9,1084,15:29
251,Travis Green\greentr01,36,TOT,C,31,1,1,2,4,27,-0.1,1,0,0,0,1,0,0,22,4.5,276,8:54
252,Andy Greene\greenan01,24,NJD,D,23,1,5,6,-1,6,1.2,0,1,0,0,4,1,0,23,4.3,328,14:15
253,Matt Greene\greenma01,23,EDM,D,78,1,9,10,-22,109,1.7,1,0,0,0,7,1,1,52,1.9,1373,17:36
254,Martin Grenier\grenima01,26,PHI,D,3,0,0,0,-3,0,-0.2,0,0,0,0,0,0,0,0,,14,4:40
255,Mike Grier\griermi01,32,SJS,RW,81,16,17,33,-5,43,2.7,11,2,3,1,16,1,0,125,12.8,1332,16:26
256,Nicklas Grossmann\grossni01,22,DAL,D,8,0,0,0,-1,4,0.1,0,0,0,0,0,0,0,8,0.0,103,12:49
257,Nate Guenin\guenina01,24,PHI,D,9,0,2,2,0,4,0.3,0,0,0,0,2,0,0,0,,78,8:40
258,Bill Guerin\gueribi01,36,TOT,RW,77,36,20,56,10,66,7.5,27,9,0,7,13,7,0,225,16.0,1309,17:00
259,Ben Guite\guitebe01,28,COL,RW,39,3,8,11,-4,16,0.4,2,0,1,1,7,0,1,63,4.8,479,12:17
260,Niklas Hagman\hagmani01,27,DAL,LW,82,17,12,29,3,34,3.2,14,2,1,2,9,3,0,152,11.2,1183,14:26
261,Ron Hainsey\hainsro01,25,CBJ,D,80,9,25,34,-19,69,5.5,2,7,0,0,9,16,0,136,6.6,1831,22:53
262,David Hale\haleda01,25,TOT,D,54,0,1,1,0,36,1.0,0,0,0,0,1,0,0,33,0.0,590,10:55
263,Adam Hall\hallad01,26,TOT,RW,72,6,11,17,-11,26,0.5,3,3,0,0,7,3,1,103,5.8,891,12:23
264,Jeff Halpern\halpeje01,30,DAL,C,76,8,17,25,-7,78,1.3,7,1,0,4,14,3,0,106,7.5,1277,16:48
265,Denis Hamel\hamelde01,29,TOT,LW,53,5,3,8,0,10,0.7,5,0,0,0,3,0,0,42,11.9,322,6:05
266,Dan Hamhuis\hamhuda01,24,NSH,D,81,6,14,20,8,66,4.7,6,0,0,1,14,0,0,84,7.1,1728,21:20
267,Jeff Hamilton\hamilje01,29,CHI,C,70,18,21,39,-4,22,4.3,15,3,0,4,10,11,0,138,13.0,905,12:56
268,Roman Hamrlik\hamrlro01,32,CGY,D,75,7,31,38,22,88,7.4,6,1,0,1,13,17,1,125,5.6,1865,24:52
269,Michal Handzus\handzmi01,29,CHI,C,8,3,5,8,4,6,1.0,2,1,0,0,2,3,0,9,33.3,168,20:59
270,Scott Hannan\hannasc01,28,SJS,D,79,4,20,24,1,38,5.6,3,0,1,1,15,5,0,79,5.1,1803,22:49
271,Jay Harrison\harrija01,24,TOR,D,5,0,0,0,-5,6,-0.4,0,0,0,0,0,0,0,3,0.0,42,8:22
272,Peter Harrold\harrope01,23,LAK,D,12,0,2,2,0,8,0.4,0,0,0,0,2,0,0,11,0.0,182,15:12
273,Mark Hartigan\hartima01,29,TOT,C,12,1,2,3,1,6,0.2,0,1,0,0,0,2,0,15,6.7,129,10:46
274,Scott Hartnell\hartnsc01,24,NSH,RW,64,22,17,39,19,96,5.0,12,10,0,2,15,1,1,150,14.7,1006,15:43
275,Derian Hatcher\hatchde01,34,PHI,D,82,3,6,9,-24,67,1.5,0,3,0,1,5,1,0,81,3.7,1941,23:40
276,Niclas Hävelid\havelni01,33,ATL,D,77,3,18,21,-2,52,3.7,2,1,0,1,10,7,1,82,3.7,1946,25:16
277,Martin Havlát\havlama01,25,CHI,RW,56,25,32,57,15,28,7.1,20,5,0,1,20,11,1,176,14.2,1198,21:24
278,Darren Haydar\haydada01,27,ATL,RW,4,0,0,0,0,0,-0.1,0,0,0,0,0,0,0,4,0.0,32,8:01
279,Dany Heatley\heatlda01,26,OTT,RW,82,50,55,105,31,74,13.4,30,17,3,10,32,22,1,310,16.1,1725,21:02
280,Jochen Hecht\hechtjo01,29,BUF,C,76,19,37,56,19,39,5.1,16,3,0,1,30,6,1,197,9.6,1432,18:51
281,Bret Hedican\hedicbr01,36,CAR,D,50,0,10,10,-8,36,1.4,0,0,0,0,6,4,0,44,0.0,998,19:58
282,Jan Hejda\hejdaja01,28,EDM,D,39,1,8,9,-6,20,1.9,1,0,0,1,8,0,0,33,3.0,795,20:23
283,Milan Hejduk\hejdumi01,30,COL,RW,80,35,35,70,10,44,8.4,22,12,1,6,23,12,0,257,13.6,1430,17:53
284,Timo Helbling\helblti01,25,WSH,D,2,0,0,0,-1,2,-0.1,0,0,0,0,0,0,0,0,,24,12:00
285,Ales Hemsky\hemskal01,23,EDM,RW,64,13,40,53,-7,40,4.9,8,5,0,1,20,20,0,122,10.7,1087,16:59
286,Josh Hennessy\hennejo01,21,OTT,C,10,1,0,1,0,4,0.1,1,0,0,0,0,0,0,6,16.7,57,5:39
287,Jamie Heward\hewarja01,35,TOT,D,71,6,18,24,2,47,4.2,3,3,0,1,10,7,1,75,8.0,1226,17:16
288,Chris Higgins\higgich01,23,MTL,C,61,22,16,38,-11,26,4.0,11,8,3,3,9,7,0,159,13.8,1092,17:54
289,Andy Hilbert\hilbean01,25,NYI,C,81,8,20,28,10,34,2.2,8,0,0,1,19,0,1,164,4.9,931,11:30
290,Sean Hill\hillse01,36,NYI,D,81,1,24,25,6,110,4.3,1,0,0,0,12,12,0,88,1.1,1826,22:33
291,Dan Hinote\hinotda01,30,STL,RW,41,5,5,10,-8,23,0.2,5,0,0,1,3,0,2,37,13.5,536,13:04
292,Shane Hnidy\hnidysh01,31,ATL,D,72,5,7,12,15,63,3.8,4,0,1,1,7,0,0,86,5.8,1126,15:38
293,Jeff Hoggan\hoggaje01,28,BOS,RW,46,0,2,2,-8,33,-0.7,0,0,0,0,2,0,0,53,0.0,325,7:04
294,Bobby Holík\holikbo01,36,ATL,C,82,11,18,29,-3,86,1.6,8,2,1,1,16,2,0,190,5.8,1307,15:56
295,Ryan Hollweg\hollwry01,23,NYR,C,78,1,2,3,-11,131,-1.1,1,0,0,0,2,0,0,63,1.6,643,8:14
296,Michael Holmqvist\holmqmi01,27,CHI,C,63,6,7,13,-5,31,0.3,5,1,0,0,7,0,0,80,7.5,868,13:47
297,Tomas Holmström\holmsto01,34,DET,LW,77,30,22,52,13,58,6.9,17,13,0,5,16,6,0,176,17.0,1171,15:13
298,Shawn Horcoff\horcosh01,28,EDM,C,80,16,35,51,-22,56,3.6,11,5,0,5,17,18,0,168,9.5,1666,20:50
299,Darcy Hordichuk\hordida01,26,NSH,LW,53,1,3,4,-2,90,-0.1,1,0,0,0,3,0,0,22,4.5,255,4:48
300,Nathan Horton\hortona01,21,FLA,C,82,31,31,62,15,61,7.3,23,7,1,3,25,6,0,217,14.3,1481,18:04
301,Marcel Hossa\hossama02,25,NYR,LW,64,10,8,18,-4,26,1.4,7,3,0,2,6,1,1,83,12.0,797,12:27
302,Marián Hossa*\hossama01,28,ATL,RW,82,43,57,100,18,49,12.4,23,17,3,5,29,27,1,340,12.6,1778,21:41
303,Jiri Hudler\hudleji01,23,DET,C,76,15,10,25,16,36,3.4,12,3,0,4,8,2,0,107,14.0,763,10:02
304,Jamie Hunt\huntja01,22,WSH,D,1,0,0,0,-1,0,-0.1,0,0,0,0,0,0,0,0,,6,6:01
305,Trent Hunter\huntetr01,26,NYI,RW,77,20,15,35,5,22,3.4,14,5,1,2,10,4,1,168,11.9,1232,16:00
306,Kristian Huselius\huselkr01,28,CGY,LW,81,34,43,77,21,26,9.4,18,14,2,6,21,20,2,173,19.7,1408,17:23
307,Kent Huskins\huskike01,27,ANA,D,33,0,3,3,-3,14,0.6,0,0,0,0,2,1,0,16,0.0,464,14:04
308,Matt Hussey\hussema01,27,DET,C,5,0,0,0,0,2,-0.1,0,0,0,0,0,0,0,6,0.0,28,5:38
309,Andrew Hutchinson\hutchan01,26,CAR,D,41,3,11,14,0,30,2.2,1,2,0,0,5,6,0,45,6.7,501,12:13
310,Jarome Iginla*\iginlja01,29,CGY,RW,70,39,55,94,12,40,11.1,25,13,1,7,35,20,0,264,14.8,1544,22:04
311,Jarkko Immonen\immonja01,24,NYR,C,14,1,5,6,-2,4,0.4,1,0,0,1,3,2,0,14,7.1,145,10:22
312,Brad Isbister\isbisbr01,29,NYR,LW,19,1,4,5,5,14,0.4,0,1,0,0,4,0,0,36,2.8,259,13:36
313,Raitis Ivanans\ivanara01,28,LAK,LW,66,4,4,8,-12,140,-0.1,4,0,0,0,4,0,0,37,10.8,461,6:59
314,Greg Jacina\jacingr01,24,FLA,C,3,0,0,0,-1,2,-0.1,0,0,0,0,0,0,0,2,0.0,21,6:52
315,Barret Jackman\jackmba01,25,STL,D,70,3,24,27,20,82,5.8,2,1,0,1,22,1,1,86,3.5,1505,21:30
316,Ric Jackman\jackmri01,28,TOT,D,31,2,10,12,0,20,1.9,1,1,0,1,5,5,0,36,5.6,425,13:42
317,Tim Jackman\jackmti01,25,LAK,RW,5,0,0,0,-1,10,-0.1,0,0,0,0,0,0,0,3,0.0,33,6:36
318,Jean-Francois Jacques\jacquje01,21,EDM,LW,37,0,0,0,-11,33,-0.9,0,0,0,0,0,0,0,23,0.0,293,7:55
319,Jaromír Jágr\jagrja01,34,NYR,RW,82,30,66,96,26,78,11.0,23,7,0,5,32,34,0,324,9.3,1784,21:46
320,Doug Janik\janikdo01,26,TBL,D,75,2,9,11,-11,53,1.5,2,0,0,0,9,0,0,49,4.1,1085,14:28
321,Cam Janssen\janssca01,22,NJD,RW,48,1,0,1,-2,114,-0.1,1,0,0,0,0,0,0,9,11.1,197,4:06
322,Aaron Johnson\johnsaa01,23,CBJ,D,61,3,7,10,-9,38,1.7,3,0,0,0,6,1,0,52,5.8,776,12:44
323,Jack Johnson\johnsja02,20,LAK,D,5,0,0,0,-5,18,-0.3,0,0,0,0,0,0,0,5,0.0,107,21:23
324,Mike Johnson\johnsmi01,32,MTL,RW,80,11,20,31,6,40,2.6,8,1,2,1,17,2,1,131,8.4,1231,15:23
325,Ryan Johnson\johnsry01,30,STL,C,59,7,4,11,-7,47,0.2,5,0,2,0,4,0,0,50,14.0,729,12:21
326,Kim Johnsson\johnski01,30,MIN,D,76,3,19,22,-4,64,5.2,0,3,0,0,9,10,0,98,3.1,1790,23:33
327,Jussi Jokinen\jokinju01,23,DAL,LW,82,14,34,48,8,18,5.1,8,6,0,1,19,15,0,121,11.6,1140,13:54
328,Olli Jokinen\jokinol01,28,FLA,C,82,39,52,91,18,78,10.8,29,9,1,8,33,19,0,351,11.1,1684,20:32
329,Blair Jones\jonesbl01,20,TBL,C,20,1,2,3,0,2,0.2,1,0,0,0,2,0,0,6,16.7,115,5:46
330,Matt Jones\jonesma01,23,PHX,D,45,1,6,7,-12,39,0.6,1,0,0,0,5,0,1,20,5.0,737,16:23
331,Randy Jones\jonesra01,25,PHI,D,66,4,18,22,-14,38,2.8,4,0,0,0,12,5,1,67,6.0,1062,16:06
332,Lars Jonsson\jonssla01,25,PHI,D,8,0,2,2,-4,6,0.0,0,0,0,0,0,2,0,4,0.0,99,12:25
333,Ed Jovanovski\jovaned01,30,PHX,D,54,11,18,29,-6,63,4.9,5,6,0,1,9,8,1,135,8.1,1250,23:09
334,Milan Jurcina\jurcimi01,23,TOT,D,70,4,8,12,0,44,2.6,4,0,0,1,7,1,0,71,5.6,1122,16:02
335,Frantisek Kaberle\kaberfr01,33,CAR,D,27,2,6,8,8,20,2.1,1,1,0,1,4,2,0,33,6.1,419,15:32
336,Tomas Kaberle\kaberto01,28,TOR,D,74,11,47,58,3,20,8.2,9,2,0,1,18,28,1,128,8.6,1915,25:52
337,Alexei Kaigorodov\kaigoal01,23,OTT,C,6,0,1,1,1,0,0.1,0,0,0,0,1,0,0,3,0.0,29,4:53
338,Patrick Kaleta\kaletpa01,20,BUF,RW,7,0,2,2,3,21,0.2,0,0,0,0,2,0,0,6,0.0,48,6:49
339,Dmitri Kalinin\kalindm01,26,BUF,D,82,7,22,29,19,36,5.0,6,0,1,0,19,3,0,86,8.1,1600,19:31
340,Petr Kalus\kaluspe01,19,BOS,RW,9,4,1,5,0,6,0.8,3,1,0,0,1,0,0,8,50.0,101,11:16
341,Boyd Kane\kanebo01,28,PHI,LW,15,0,2,2,-4,28,-0.1,0,0,0,0,2,0,0,7,0.0,104,6:58
342,Niko Kapanen\kapanni01,28,TOT,C,79,6,16,22,-23,28,0.2,4,2,0,1,11,5,0,79,7.6,979,12:24
343,Sami Kapanen\kapansa01,33,PHI,RW,77,11,14,25,-21,22,0.6,8,1,2,1,11,1,2,129,8.5,1307,16:58
344,Paul Kariya*\kariypa01,32,NSH,LW,82,24,52,76,6,36,7.2,19,5,0,2,32,20,0,224,10.7,1671,20:23
345,Andreas Karlsson\karlsan01,31,TBL,C,53,3,6,9,-4,12,0.3,3,0,0,1,5,1,0,25,12.0,446,8:25
346,Darius Kasparaitis\kaspada01,34,NYR,D,24,2,2,4,-1,30,1.0,2,0,0,0,2,0,0,9,22.2,357,14:52
347,Duncan Keith\keithdu01,23,CHI,D,82,2,29,31,0,76,5.6,2,0,0,0,23,4,2,122,1.6,1935,23:36
348,Matt Keith\keithma01,23,CHI,RW,2,0,0,0,-2,4,-0.1,0,0,0,0,0,0,0,0,,19,9:33
349,Chris Kelly\kellych01,26,OTT,C,82,15,23,38,28,40,3.9,12,1,2,0,19,1,3,131,11.5,1255,15:18
350,Ryan Kesler\keslery01,22,VAN,C,48,6,10,16,1,40,1.1,6,0,0,0,10,0,0,88,6.8,789,16:26
351,Phil Kessel\kesseph01,19,BOS,RW,70,11,18,29,-12,12,2.0,10,1,0,0,14,4,0,170,6.5,984,14:04
352,Chad Kilger\kilgech01,30,TOR,LW,82,14,14,28,-5,58,1.6,13,0,1,2,14,0,0,141,9.9,1189,14:30
353,D.J. King\kingdj01,22,STL,LW,27,1,1,2,-3,52,-0.1,1,0,0,0,1,0,0,12,8.3,149,5:31
354,Ken Klee\kleeke01,35,COL,D,81,3,16,19,18,68,4.8,3,0,0,0,15,0,1,90,3.3,1671,20:38
355,Kevin Klein\kleinke01,22,NSH,D,3,1,0,1,3,0,0.5,1,0,0,0,0,0,0,2,50.0,50,16:37
356,Jon Klemm\klemmjo01,37,DAL,D,38,1,2,3,0,24,1.3,1,0,0,0,2,0,0,25,4.0,496,13:03
357,Jakub Klepis\klepija01,22,WSH,C,41,3,7,10,-2,28,0.5,3,0,0,0,4,3,0,38,7.9,408,9:58
358,Rostislav Klesla\kleslro01,24,CBJ,D,75,9,13,22,-13,105,4.6,7,2,0,0,10,3,0,159,5.7,1718,22:54
359,Mike Knuble\knublmi01,34,PHI,RW,64,24,30,54,2,56,6.0,14,10,0,1,22,8,0,160,15.0,1256,19:38
360,Chuck Kobasew\kobasch01,24,TOT,RW,50,5,14,19,1,62,1.1,3,2,0,1,8,6,0,93,5.4,717,14:20
361,David Koci\kocida01,25,CHI,LW,9,0,0,0,-3,88,-0.2,0,0,0,0,0,0,0,3,0.0,43,4:44
362,Mikko Koivu\koivumi01,23,MIN,C,82,20,34,54,6,58,5.8,9,9,2,2,23,10,1,162,12.3,1433,17:29
363,Saku Koivu\koivusa01,32,MTL,C,81,22,53,75,-21,74,6.9,10,11,1,4,19,32,2,154,14.3,1467,18:07
364,Juraj Kolnik\kolniju01,26,FLA,RW,64,11,14,25,2,18,2.3,11,0,0,1,12,2,0,113,9.7,774,12:05
365,Mike Komisarek\komismi01,25,MTL,D,82,4,15,19,7,96,4.8,2,0,2,1,13,0,2,78,5.1,1580,19:16
366,Zenon Konopka\konopze01,26,CBJ,C,6,0,0,0,-2,20,-0.1,0,0,0,0,0,0,0,2,0.0,30,5:00
367,Tomas Kopecky\kopecto01,24,DET,RW,26,1,0,1,-2,22,-0.2,1,0,0,0,0,0,0,27,3.7,189,7:15
368,Anze Kopitar\kopitan01,19,LAK,C,72,20,41,61,-12,24,5.0,11,7,2,1,19,22,0,193,10.4,1479,20:32
369,Andrei Kostitsyn\kostian01,21,MTL,LW,22,1,10,11,3,6,0.9,1,0,0,0,9,1,0,38,2.6,292,13:17
370,Tom Kostopoulos\kostoto01,28,LAK,RW,76,7,15,22,-2,73,1.3,7,0,0,0,14,0,1,90,7.8,879,11:34
371,Ales Kotalik\kotalal01,28,BUF,RW,66,16,22,38,-5,46,3.1,13,3,0,4,14,8,0,162,9.9,958,14:31
372,Ilya Kovalchuk\kovalil01,23,ATL,LW,82,42,34,76,-2,66,9.0,24,18,0,7,20,14,0,336,12.5,1765,21:32
373,Alex Kovalev\kovalal01,33,MTL,RW,73,18,29,47,-19,78,3.8,10,8,0,5,14,14,1,197,9.1,1332,18:15
374,Viktor Kozlov\kozlovi01,31,NYI,C,81,25,26,51,12,28,5.6,20,5,0,4,18,7,1,165,15.2,1330,16:25
375,Vyacheslav Kozlov\kozlovy01,34,ATL,LW,81,28,52,80,9,36,8.6,20,8,0,8,21,29,2,190,14.7,1660,20:29
376,Lukas Krajicek\krajilu01,23,VAN,D,78,3,13,16,-4,64,3.9,2,1,0,2,9,4,0,105,2.9,1444,18:31
377,David Krejci\krejcda01,20,BOS,C,6,0,0,0,-3,2,-0.2,0,0,0,0,0,0,0,2,0.0,26,4:24
378,Kamil Kreps\krepska01,22,FLA,C,14,1,1,2,-1,6,0.0,1,0,0,0,1,0,0,20,5.0,157,11:13
379,Jason Krog\krogja01,31,TOT,C,23,3,3,6,5,10,0.6,3,0,0,1,3,0,0,22,13.6,285,12:24
380,Niklas Kronwall\kronwni01,26,DET,D,68,1,21,22,0,54,3.8,0,1,0,0,16,5,0,104,1.0,1404,20:39
381,Filip Kuba\kubafi01,30,TBL,D,81,15,22,37,-9,36,6.3,9,5,1,2,8,13,1,106,14.2,1637,20:12
382,Pavel Kubina\kubinpa01,29,TOR,D,61,7,14,21,7,48,4.0,3,4,0,1,10,4,0,97,7.2,1300,21:19
383,Lasse Kukkonen\kukkola01,25,TOT,D,74,5,9,14,4,38,3.7,4,1,0,2,7,1,1,54,9.3,1266,17:06
384,Chris Kunitz\kunitch01,27,ANA,LW,81,25,35,60,23,81,7.2,14,11,0,5,26,9,0,180,13.9,1381,17:03
385,Joel Kwiatkowski\kwiatjo01,29,TOT,D,42,5,5,10,-6,20,1.3,4,1,0,2,3,2,0,46,10.9,412,9:49
386,Antti Laaksonen\laaksan01,33,COL,LW,41,3,1,4,-3,16,-0.2,2,0,1,0,1,0,0,43,7.0,438,10:41
387,Dan LaCouture\lacouda01,29,NJD,LW,6,0,0,0,0,7,0.0,0,0,0,0,0,0,0,0,,30,4:57
388,Andrew Ladd\laddan01,21,CAR,LW,65,11,10,21,1,46,2.1,9,2,0,3,9,1,0,109,10.1,728,11:12
389,Brooks Laich\laichbr01,23,WSH,C,73,8,10,18,-2,29,0.7,3,2,3,0,8,1,1,119,6.7,993,13:36
390,Bryce Lampman\lampmbr01,24,NYR,D,1,0,0,0,0,0,0.0,0,0,0,0,0,0,0,0,,12,12:08
391,Robert Lang\langro01,36,DET,C,81,19,33,52,12,66,5.4,13,6,0,4,22,11,0,166,11.4,1362,16:49
392,Jamie Langenbrunner\langeja01,31,NJD,RW,82,23,37,60,-9,64,5.9,11,12,0,7,27,10,0,243,9.5,1522,18:33
393,Josh Langfeld\langfjo01,29,DET,RW,33,0,2,2,2,12,0.0,0,0,0,0,2,0,0,37,0.0,183,5:33
394,Daymond Langkow\langkda01,30,CGY,C,81,33,44,77,23,44,9.0,22,10,1,6,25,17,2,247,13.4,1630,20:07
395,Ian Laperriere\laperia01,33,COL,RW,81,8,21,29,5,133,1.8,8,0,0,0,20,0,1,118,6.8,1121,13:51
396,Maxim Lapierre\lapiema01,21,MTL,C,46,6,6,12,-7,24,0.7,5,0,1,2,6,0,0,82,7.3,525,11:25
397,Martin Lapointe\lapoima01,33,CHI,RW,82,13,11,24,-14,98,1.3,7,5,1,2,10,1,0,102,12.7,1147,13:59
398,Georges Laraque\laraqge01,30,TOT,RW,73,5,19,24,4,70,1.9,4,1,0,0,17,2,0,44,11.4,705,9:39
399,Drew Larman\larmadr01,21,FLA,C,16,2,0,2,-3,2,0.1,2,0,0,0,0,0,0,15,13.3,118,7:23
400,Chad Larose\larosch01,24,CAR,C,80,6,12,18,-2,10,1.0,4,0,2,0,10,0,2,94,6.4,817,10:13
401,Brad Larsen\larsebr01,29,ATL,LW,72,7,6,13,-11,39,0.0,5,0,2,0,5,0,1,61,11.5,891,12:22
402,Matt Lashoff\lashoma01,20,BOS,D,12,0,2,2,-6,12,-0.1,0,0,0,0,2,0,0,8,0.0,179,14:55
403,Guillaume Latendresse\latengu01,19,MTL,RW,80,16,13,29,-20,47,2.2,11,5,0,3,8,5,0,121,13.2,1008,12:36
404,Patrick Leahy\leahypa01,27,NSH,RW,1,0,0,0,0,0,0.0,0,0,0,0,0,0,0,0,,6,5:46
405,Brett Lebda\lebdabr01,25,DET,D,74,5,13,18,16,61,4.8,4,1,0,2,13,0,0,107,4.7,1103,14:54
406,Vincent Lecavalier\lecavvi01,26,TBL,C,82,52,56,108,2,44,13.4,31,16,5,7,32,20,4,339,15.3,1854,22:36
407,John LeClair\leclajo01,37,PIT,LW,21,2,5,7,-2,12,0.4,1,1,0,0,5,0,0,27,7.4,249,11:51
408,David Legwand\legwada01,26,NSH,C,78,27,36,63,23,44,7.3,23,3,1,7,27,7,2,153,17.6,1432,18:22
409,Yanick Lehoux\lehouya01,24,PHX,C,7,1,2,3,-1,4,0.2,0,1,0,0,1,1,0,10,10.0,88,12:32
410,Jere Lehtinen\lehtije01,33,DAL,RW,73,26,17,43,5,16,5.3,14,11,1,5,10,7,0,194,13.4,1418,19:26
411,Mikko Lehtonen\lehtomi01,28,NSH,D,15,1,2,3,0,8,0.6,1,0,0,0,2,0,0,14,7.1,219,14:36
412,Jordan Leopold\leopojo01,26,COL,D,15,2,3,5,-4,14,0.6,0,1,1,0,3,0,0,19,10.5,297,19:47
413,Junior Lessard\lessaju01,26,DAL,RW,1,1,0,1,1,0,0.2,0,1,0,0,0,0,0,3,33.3,12,11:56
414,Kris Letang\letankr01,19,PIT,D,7,2,0,2,-3,4,0.2,0,2,0,0,0,0,0,8,25.0,81,11:33
415,Trevor Letowski\letowtr01,29,CAR,RW,61,2,6,8,-8,18,-0.3,2,0,0,0,4,1,1,69,2.9,591,9:41
416,Nicklas Lidström*\lidstni01,36,DET,D,80,13,49,62,40,46,13.1,3,10,0,1,23,23,3,224,5.8,2199,27:29
417,David Liffiton\liffida01,22,NYR,D,2,0,0,0,1,7,0.1,0,0,0,0,0,0,0,2,0.0,23,11:31
418,John-Michael Liles\lilesjo01,26,COL,D,71,14,30,44,0,24,6.8,6,8,0,3,10,20,0,128,10.9,1261,17:46
419,Andreas Lilja\liljaan01,31,DET,D,57,0,5,5,6,54,1.9,0,0,0,0,5,0,0,37,0.0,878,15:25
420,Trevor Linden\lindetr01,36,VAN,C,80,12,13,25,-6,34,2.0,7,5,0,1,11,2,0,92,13.0,987,12:20
421,Eric Lindros*\lindrer01,33,DAL,RW,49,5,21,26,-1,70,2.1,4,1,0,0,14,7,0,95,5.3,718,14:39
422,Joakim Lindstrom\lindsjo01,23,CBJ,C,9,1,0,1,-3,4,0.0,1,0,0,0,0,0,0,9,11.1,76,8:28
423,Enver Lisin\lisinen01,20,PHX,RW,17,1,1,2,-18,16,-0.9,0,1,0,0,1,0,0,35,2.9,256,15:02
424,Martin Lojek\lojekma01,21,FLA,D,3,0,1,1,2,0,0.3,0,0,0,0,1,0,0,0,,25,8:23
425,Matthew Lombardi\lombama01,24,CGY,C,81,20,26,46,10,48,4.5,11,5,4,5,17,8,1,176,11.4,1326,16:22
426,Reed Low\lowre01,30,CHI,RW,6,0,0,0,-1,31,-0.1,0,0,0,0,0,0,0,0,,21,3:33
427,Brad Lukowich\lukowbr01,30,NJD,D,75,4,8,12,1,36,4.5,3,0,1,2,7,1,0,50,8.0,1517,20:13
428,Jamie Lundmark\lundmja01,26,TOT,C,68,7,6,13,-12,56,0.0,7,0,0,0,4,2,0,81,8.6,801,11:47
429,Joel Lundqvist\lundqjo01,24,DAL,C,36,3,3,6,-5,14,0.2,3,0,0,0,3,0,0,36,8.3,408,11:20
430,Joffrey Lupul\lupuljo01,23,EDM,RW,81,16,12,28,-29,45,1.5,11,5,0,1,9,3,0,172,9.3,1263,15:36
431,Toni Lydman\lydmato01,29,BUF,D,67,2,17,19,10,55,2.8,2,0,0,1,14,2,1,44,4.5,1380,20:36
432,Clarke MacArthur\macarcl01,21,BUF,LW,19,3,4,7,4,4,0.8,3,0,0,0,4,0,0,16,18.8,169,8:54
433,Craig MacDonald\macdocr01,29,CHI,C,25,3,2,5,-2,14,0.3,2,0,1,0,2,0,0,30,10.0,280,11:12
434,Derek MacKenzie\mackede01,25,ATL,C,4,0,0,0,1,0,0.0,0,0,0,0,0,0,0,3,0.0,20,5:00
435,Don MacLean\macledo01,30,PHX,C,9,1,1,2,-4,0,-0.1,1,0,0,0,0,1,0,12,8.3,114,12:38
436,John Madden\maddejo01,33,NJD,C,74,12,20,32,-7,14,2.2,12,0,0,1,15,3,2,153,7.8,1397,18:53
437,Adam Mair\mairad01,27,BUF,C,82,2,9,11,-1,128,-0.2,2,0,0,0,9,0,0,73,2.7,619,7:33
438,Tomi Maki\makito01,23,CGY,RW,1,0,0,0,0,0,0.0,0,0,0,0,0,0,0,0,,11,10:56
439,Tomas Malec\malecto01,24,OTT,D,1,0,0,0,0,0,0.0,0,0,0,0,0,0,0,1,0.0,15,14:47
440,Manny Malhotra\malhoma01,26,CBJ,C,82,9,16,25,-8,76,1.2,7,2,0,3,16,0,0,109,8.3,1214,14:48
441,Marek Malík\malikma01,31,NYR,D,69,2,19,21,32,70,6.6,2,0,0,0,16,1,2,57,3.5,1329,19:16
442,Evgeni Malkin\malkiev01,20,PIT,LW,78,33,52,85,2,80,9.4,17,16,0,6,28,24,0,242,13.6,1494,19:10
443,Ryan Malone\malonry01,27,PIT,LW,64,16,15,31,4,71,3.0,14,1,1,0,10,4,1,125,12.8,1040,16:15
444,Kirk Maltby\maltbki01,34,DET,LW,82,6,5,11,-9,50,-0.5,6,0,0,0,5,0,0,113,5.3,1081,13:11
445,Mark Mancari\mancama01,21,BUF,RW,3,0,1,1,-1,2,0.0,0,0,0,0,1,0,0,1,0.0,19,6:12
446,Paul Mara\marapa01,27,TOT,D,78,5,18,23,-16,113,3.6,4,1,0,0,5,13,0,100,5.0,1726,22:08
447,Todd Marchant\marchto01,33,ANA,C,56,8,15,23,7,44,2.0,5,0,3,2,15,0,0,115,7.0,850,15:10
448,Andrei Markov\markoan01,28,MTL,D,77,6,43,49,2,56,8.1,1,5,0,2,13,27,3,128,4.7,1885,24:29
449,Danny Markov\markoda01,30,DET,D,66,4,12,16,25,59,5.3,4,0,0,0,11,0,1,66,6.1,1246,18:53
450,Patrick Marleau\marlepa01,27,SJS,C,77,32,46,78,9,33,9.4,18,14,0,9,23,23,0,180,17.8,1429,18:34
451,Paul Martin\martipa01,25,NJD,D,82,3,23,26,-9,18,6.0,2,1,0,0,18,5,0,84,3.6,2068,25:13
452,Radek Martínek\martira01,30,NYI,D,43,2,15,17,19,40,4.0,2,0,0,0,9,4,2,44,4.5,856,19:54
453,Richard Matvichuk\matviri01,33,NJD,D,1,0,0,0,-1,0,-0.1,0,0,0,0,0,0,0,0,,13,12:45
454,Brad May\maybr01,35,TOT,LW,24,0,4,4,-1,21,-0.1,0,0,0,0,4,0,0,22,0.0,236,9:50
455,Jamal Mayers\mayerja01,32,STL,RW,80,8,14,22,-19,89,0.1,6,0,2,0,14,0,0,129,6.2,1170,14:37
456,Dean McAmmond\mcammde01,33,OTT,LW,81,14,15,29,11,28,2.9,12,0,2,1,13,1,1,86,16.3,901,11:08
457,Bryan McCabe\mccabbr01,31,TOR,D,82,15,42,57,3,115,8.6,4,11,0,1,19,23,0,207,7.2,2200,26:50
458,Steve McCarthy\mccarst01,25,ATL,D,46,4,12,16,4,24,2.9,1,3,0,0,4,8,0,51,7.8,703,15:17
459,Darren McCarty\mccarda02,34,CGY,RW,32,0,0,0,-3,58,-0.5,0,0,0,0,0,0,0,15,0.0,173,5:24
460,Alyn McCauley\mccaual01,29,LAK,C,10,1,0,1,0,2,0.0,1,0,0,0,0,0,0,4,25.0,97,9:43
461,Jay McClement\mccleja01,23,STL,C,81,8,28,36,3,55,2.5,8,0,0,0,25,1,2,104,7.7,1125,13:53
462,Cody McCormick\mccorco01,23,COL,C,6,0,1,1,1,6,0.1,0,0,0,0,1,0,0,6,0.0,40,6:44
463,Andy McDonald\mcdonan01,29,ANA,C,82,27,51,78,16,46,8.9,19,8,0,3,26,25,0,252,10.7,1442,17:35
464,Brian McGrattan\mcgrabr01,25,OTT,RW,45,0,2,2,-1,100,-0.2,0,0,0,0,2,0,0,22,0.0,174,3:51
465,Nathan McIver\mcivena01,22,VAN,D,1,0,0,0,-3,7,-0.2,0,0,0,0,0,0,0,0,,11,11:20
466,Jay McKee\mckeeja01,29,STL,D,23,0,0,0,-9,12,-0.3,0,0,0,0,0,0,0,19,0.0,465,20:14
467,Kyle McLaren\mclarky01,29,SJS,D,67,5,12,17,10,61,5.1,4,1,0,0,11,1,0,43,11.6,1435,21:25
468,Brett McLean\mcleabr01,28,COL,C,78,15,20,35,8,36,3.4,15,0,0,3,19,1,0,134,11.2,1063,13:38
469,Derek Meech\meechde01,22,DET,D,4,0,0,0,1,2,0.1,0,0,0,0,0,0,0,3,0.0,23,5:47
470,Josef Melichar\melicjo01,28,PIT,D,70,1,11,12,1,44,2.5,1,0,0,0,9,1,1,57,1.8,1317,18:49
471,Bjorn Melin\melinbj01,25,ANA,RW,3,1,0,1,-1,0,0.1,1,0,0,0,0,0,0,1,100.0,22,7:19
472,Scott Mellanby\mellasc01,40,ATL,RW,69,12,24,36,-9,63,2.9,7,5,0,2,15,9,0,103,11.7,947,13:43
473,Eric Meloche\melocer01,30,PHI,RW,13,1,2,3,-6,4,0.0,0,1,0,0,2,0,0,12,8.3,109,8:21
474,Andrej Meszaros\meszaan01,21,OTT,D,82,7,28,35,-15,102,3.6,7,0,0,1,17,10,1,147,4.8,1778,21:41
475,Marc Methot\methoma01,21,CBJ,D,20,0,4,4,5,12,1.2,0,0,0,0,4,0,0,11,0.0,293,14:38
476,Glen Metropolit\metrogl01,32,TOT,C,77,14,19,33,9,34,3.5,9,5,0,2,16,3,0,123,11.4,931,12:05
477,Freddy Meyer\meyerfr01,26,TOT,D,60,2,6,8,-4,38,1.6,1,1,0,0,3,3,0,41,4.9,1048,17:28
478,Branislav Mezei\mezeibr01,26,FLA,D,45,0,3,3,5,55,0.8,0,0,0,0,3,0,0,24,0.0,718,15:58
479,Milan Michálek\michami01,22,SJS,RW,78,26,40,66,17,36,8.0,15,11,0,9,24,15,1,191,13.6,1307,16:46
480,Zbynek Michalek\michazb01,24,PHX,D,82,4,24,28,-20,34,3.6,1,3,0,0,11,11,2,144,2.8,1941,23:40
481,Antti Miettinen\miettan01,26,DAL,RW,74,11,14,25,-5,38,2.0,5,6,0,1,12,2,0,141,7.8,1060,14:20
482,Alexei Mikhnov\mikhnal01,24,EDM,LW,2,0,0,0,0,0,0.0,0,0,0,0,0,0,0,0,,14,6:52
483,Aaron Miller\milleaa01,35,LAK,D,82,0,8,8,-14,60,1.4,0,0,0,0,7,0,1,56,0.0,1607,19:36
484,Duncan Milroy\milrodu01,23,MTL,RW,5,0,1,1,-2,0,-0.1,0,0,0,0,1,0,0,6,0.0,65,12:56
485,Willie Mitchell\mitchwi01,29,VAN,D,62,1,10,11,1,45,3.4,1,0,0,0,9,0,1,54,1.9,1377,22:13
486,Mike Modano*\modanmi01,36,DAL,C,59,22,21,43,9,34,5.5,13,9,0,7,11,9,1,141,15.6,1086,18:24
487,Fredrik Modin\modinfr01,32,CBJ,LW,79,22,20,42,-3,50,4.0,16,6,0,4,14,6,0,220,10.0,1510,19:07
488,Jaroslav Modrý\modryja01,35,TOT,D,76,1,17,18,11,54,5.1,1,0,0,0,9,7,1,89,1.1,1434,18:52
489,Travis Moen\moentr01,24,ANA,LW,82,11,10,21,-4,101,1.0,11,0,0,0,9,0,1,124,8.9,1214,14:48
490,Tomas Mojzis\mojzito01,24,STL,D,6,1,0,1,0,0,0.3,1,0,0,0,0,0,0,7,14.3,60,10:03
491,Steve Montador\montast01,27,FLA,D,72,1,8,9,1,119,1.7,1,0,0,0,7,1,0,88,1.1,946,13:08
492,Dominic Moore\mooredo01,26,TOT,C,69,8,9,17,4,56,1.1,8,0,0,1,9,0,0,111,7.2,873,12:39
493,Brad Moran\moranbr01,27,VAN,C,3,0,1,1,0,2,0.0,0,0,0,0,0,1,0,3,0.0,38,12:38
494,Ian Moran\morania01,34,ANA,D,1,0,0,0,-1,0,-0.1,0,0,0,0,0,0,0,0,,6,6:06
495,Ethan Moreau\moreaet01,31,EDM,LW,7,1,0,1,-4,12,-0.1,1,0,0,0,0,0,0,18,5.6,106,15:08
496,Jason Morgan\morgaja01,30,MIN,C,4,0,0,0,-1,4,-0.1,0,0,0,0,0,0,0,0,,30,7:29
497,Derek Morris\morride01,28,PHX,D,82,6,19,25,-18,115,3.4,4,2,0,1,9,10,0,129,4.7,1680,20:29
498,Brendan Morrison\morribr01,31,VAN,C,82,20,31,51,-9,60,4.6,12,6,2,3,19,12,0,139,14.4,1472,17:57
499,Shaone Morrisonn\morrish01,24,WSH,D,78,3,10,13,3,106,2.9,3,0,0,0,9,0,1,46,6.5,1634,20:57
500,Brenden Morrow\morrobr01,28,DAL,LW,40,16,15,31,-2,33,3.7,8,8,0,3,11,4,0,101,15.8,731,18:16
501,Dave Moss\mossda01,25,CGY,LW,41,10,8,18,5,12,2.2,7,3,0,1,7,1,0,70,14.3,460,11:13
502,Joe Motzko\motzkjo01,26,CBJ,RW,7,1,0,1,0,0,0.1,1,0,0,0,0,0,0,10,10.0,45,6:27
503,Mark Mowers\mowerma01,32,BOS,RW,78,5,12,17,-10,26,0.3,4,0,1,0,11,1,0,60,8.3,936,12:00
504,Bryan Muir\muirbr01,33,WSH,D,26,3,4,7,3,42,1.5,3,0,0,1,2,2,0,28,10.7,380,14:37
505,Douglas Murray\murrado01,26,SJS,D,35,0,3,3,0,31,0.9,0,0,0,0,2,1,0,18,0.0,377,10:46
506,Garth Murray\murraga01,24,MTL,LW,43,2,1,3,-10,32,-0.5,2,0,0,0,1,0,0,28,7.1,360,8:23
507,Glen Murray\murragl01,34,BOS,RW,59,28,17,45,-12,44,5.3,16,12,0,4,11,6,0,201,13.9,1106,18:45
508,Marty Murray\murrama01,31,LAK,C,19,0,2,2,-5,4,-0.3,0,0,0,0,2,0,0,4,0.0,181,9:32
509,Ladislav Nagy\nagyla01,27,TOT,LW,80,12,43,55,-5,54,4.3,8,4,0,1,23,20,0,146,8.2,1386,17:20
510,Rick Nash\nashri01,22,CBJ,LW,75,27,30,57,-8,73,6.0,17,9,1,5,15,13,2,228,11.8,1440,19:12
511,Markus Näslund\nasluma02,33,VAN,RW,82,24,36,60,3,54,6.4,15,9,0,5,17,19,0,222,10.8,1455,17:44
512,Alain Nasreddine\nasreal01,31,PIT,D,44,1,4,5,12,18,2.1,1,0,0,0,4,0,0,29,3.4,694,15:47
513,Petr Nedved\nedvepe01,35,TOT,C,40,2,10,12,-25,28,-0.5,1,1,0,0,6,4,0,39,5.1,592,14:47
514,Chris Neil\neilch01,27,OTT,RW,82,12,16,28,6,177,2.0,9,3,0,3,14,2,0,139,8.6,1076,13:08
515,Kris Newbury\newbukr01,24,TOR,C,15,2,2,4,4,26,0.5,2,0,0,0,2,0,0,30,6.7,115,7:42
516,Scott Nichol\nichosc01,32,NSH,C,59,7,6,13,7,79,0.9,5,1,1,2,5,1,0,58,12.1,740,12:32
517,Rob Niedermayer\niedero01,32,ANA,C,82,5,11,16,-8,77,-0.5,5,0,0,0,11,0,0,106,4.7,1365,16:39
518,Scott Niedermayer*\niedesc01,33,ANA,D,79,15,54,69,6,86,11.7,6,9,0,3,29,25,0,172,8.7,2173,27:31
519,Frans Nielsen\nielsfr01,22,NYI,C,15,1,1,2,-2,0,0.1,1,0,0,1,1,0,0,16,6.3,78,5:13
520,Ville Nieminen\niemivi01,29,TOT,LW,44,1,1,2,-8,43,-0.7,1,0,0,0,1,0,0,43,2.3,387,8:47
521,Joe Nieuwendyk*\nieuwjo01,40,FLA,C,15,5,3,8,-4,4,0.8,3,2,0,2,1,2,0,30,16.7,201,13:24
522,Janne Niinimaa\niinija01,31,MTL,D,41,0,3,3,-13,36,0.0,0,0,0,0,3,0,0,29,0.0,609,14:51
523,Marcus Nilson\nilsoma01,28,CGY,LW,63,5,10,15,7,27,0.7,5,0,0,1,10,0,0,69,7.2,826,13:07
524,Robert Nilsson\nilssro01,22,EDM,C,4,1,0,1,-1,4,0.1,1,0,0,0,0,0,0,8,12.5,69,17:21
525,Owen Nolan\nolanow01,34,PHX,RW,76,16,24,40,-2,56,3.6,11,2,3,1,14,10,0,154,10.4,1172,15:25
526,Jonas Nordqvist\nordqjo01,24,CHI,C,3,0,2,2,1,2,0.2,0,0,0,0,2,0,0,2,0.0,42,13:55
527,Mattias Norström\norstma01,35,TOT,D,76,2,9,11,-18,48,1.7,2,0,0,0,8,0,1,60,3.3,1562,20:33
528,Brad Norton\nortobr01,31,DET,D,6,0,1,1,2,20,0.3,0,0,0,0,1,0,0,2,0.0,25,4:08
529,Filip Novak\novakfi01,24,CBJ,D,6,0,0,0,1,2,0.2,0,0,0,0,0,0,0,3,0.0,60,9:55
530,Jiri Novotny\novotji01,23,TOT,C,68,6,13,19,-4,28,0.5,6,0,0,0,13,0,0,79,7.6,879,12:56
531,Petteri Nummelin\nummepe01,34,MIN,D,51,3,17,20,-15,22,2.9,3,0,0,0,4,13,0,69,4.3,1035,20:17
532,Teppo Numminen\nummite01,38,BUF,D,79,2,27,29,17,32,4.4,2,0,0,0,14,12,1,69,2.9,1643,20:48
533,Lawrence Nycholat\nychola01,27,TOT,D,19,2,6,8,-3,12,1.1,2,0,0,0,4,2,0,25,8.0,382,20:07
534,Michael Nylander\nylanmi01,34,NYR,C,79,26,57,83,12,42,9.0,12,14,0,4,34,23,0,193,13.5,1610,20:23
535,Shane O'Brien\obriesh01,23,TOT,D,80,2,14,16,-3,176,3.0,1,1,0,2,11,3,0,72,2.8,1198,14:59
536,Sean O'Donnell\odonnse01,35,ANA,D,79,2,15,17,9,92,4.6,2,0,0,1,14,0,1,47,4.3,1574,19:55
537,Jeff O'Neill\oneilje01,30,TOR,C,74,20,22,42,1,54,4.3,14,6,0,3,17,5,0,165,12.1,1016,13:43
538,Patrick O'Sullivan\osullpa01,21,LAK,C,44,5,14,19,-6,14,1.1,3,2,0,1,7,7,0,92,5.4,619,14:04
539,Johnny Oduya\oduyajo01,25,NJD,D,76,2,9,11,-5,61,3.5,2,0,0,0,7,2,0,55,3.6,1407,18:31
540,Mattias Öhlund\ohlunma01,30,VAN,D,77,11,20,31,-3,80,7.0,5,6,0,2,11,9,0,170,6.5,1909,24:47
541,Rostislav Olesz\oleszro01,21,FLA,C,75,11,19,30,2,28,2.0,9,2,0,2,17,1,1,164,6.7,1163,15:30
542,Ben Ondrus\ondrube01,24,TOR,RW,16,0,2,2,-5,20,-0.2,0,0,0,0,2,0,0,7,0.0,78,4:54
543,Brooks Orpik\orpikbr01,26,PIT,D,70,0,6,6,4,82,1.9,0,0,0,0,4,2,0,59,0.0,1163,16:37
544,Colton Orr\orrco01,24,NYR,RW,53,2,1,3,-2,126,0.0,2,0,0,1,1,0,0,23,8.7,282,5:20
545,Jed Ortmeyer\ortmeje01,28,NYR,RW,41,2,9,11,7,22,0.7,1,0,1,0,8,0,1,67,3.0,516,12:35
546,Steve Ott\ottst01,24,DAL,C,19,0,4,4,-4,35,0.0,0,0,0,0,3,1,0,17,0.0,175,9:11
547,Michel Ouellet\ouellmi01,24,PIT,RW,73,19,29,48,-3,30,4.9,8,11,0,2,21,8,0,148,12.8,973,13:20
548,Alex Ovechkin\ovechal01,21,WSH,LW,82,46,46,92,-19,52,10.5,30,16,0,8,25,21,0,392,11.7,1754,21:23
549,Sandis Ozolinsh\ozolisa01,34,NYR,D,21,0,3,3,-8,8,0.2,0,0,0,0,2,1,0,15,0.0,396,18:51
550,Nathan Paetsch\paetsna01,23,BUF,D,63,2,22,24,10,50,3.4,2,0,0,0,13,9,0,62,3.2,961,15:15
551,Samuel Pahlsson\pahlssa01,29,ANA,C,82,8,18,26,-4,42,0.8,8,0,0,1,18,0,0,111,7.2,1424,17:22
552,Daniel Paille\paillda01,22,BUF,LW,29,3,8,11,5,18,0.8,3,0,0,0,7,0,1,45,6.7,371,12:47
553,Jay Pandolfo\pandoja01,32,NJD,LW,82,13,14,27,-5,8,1.7,12,0,1,1,13,0,1,109,11.9,1526,18:37
554,Ryan Parent\parenry01,19,PHI,D,1,0,0,0,0,0,0.0,0,0,0,0,0,0,0,1,0.0,14,14:10
555,P.A. Parenteau\parenpi01,23,CHI,LW,5,0,1,1,-1,2,0.0,0,0,0,0,0,1,0,7,0.0,55,11:05
556,Zach Parise\parisza01,22,NJD,LW,82,31,31,62,-3,30,7.2,22,9,0,7,18,13,0,247,12.6,1438,17:32
557,Richard Park\parkri01,30,NYI,RW,82,10,16,26,4,33,1.9,8,0,2,2,15,0,1,93,10.8,955,11:39
558,Scott Parker\parkesc01,29,TOT,RW,21,1,1,2,0,28,0.1,1,0,0,0,1,0,0,5,20.0,112,5:19
559,Mark Parrish\parrima01,29,MIN,RW,76,19,20,39,9,18,4.8,14,5,0,4,14,6,0,141,13.5,1089,14:20
560,George Parros\parroge01,27,TOT,RW,34,1,0,1,-3,102,-0.2,1,0,0,0,0,0,0,19,5.3,172,5:03
561,Joe Pavelski\paveljo01,22,SJS,C,46,14,14,28,4,18,3.4,9,5,0,3,8,6,0,111,12.6,691,15:02
562,Serge Payer\payerse01,27,OTT,C,5,0,0,0,-1,0,-0.1,0,0,0,0,0,0,0,4,0.0,35,7:01
563,Michael Peca\pecami01,32,TOR,C,35,4,11,15,2,60,0.8,4,0,0,2,10,0,1,42,9.5,609,17:25
564,Rod Pelley\pellero02,22,NJD,C,9,0,0,0,-3,0,-0.3,0,0,0,0,0,0,0,8,0.0,99,11:00
565,Ville Peltonen\peltovi01,33,FLA,LW,72,17,20,37,7,28,3.5,13,4,0,0,17,2,1,145,11.7,1182,16:25
566,Dustin Penner\pennedu01,24,ANA,RW,82,29,16,45,-2,58,5.5,20,9,0,5,9,7,0,204,14.2,1147,13:59
567,Alexander Perezhogin\perezal01,23,MTL,RW,61,6,9,15,11,48,1.4,5,1,0,1,9,0,0,103,5.8,723,11:51
568,Joel Perrault\perrajo01,23,TOT,C,26,1,2,3,-7,14,-0.3,1,0,0,0,2,0,0,31,3.2,264,10:08
569,Yanic Perreault\perreya01,35,TOT,C,66,21,17,38,-1,34,4.1,14,7,0,5,12,5,0,125,16.8,1026,15:33
570,Eric Perrin\perrier01,31,TBL,C,82,13,23,36,-7,30,2.4,10,2,1,0,16,5,2,151,8.6,1394,17:00
571,Corey Perry\perryco01,21,ANA,RW,82,17,27,44,12,55,4.9,13,4,0,3,11,16,0,194,8.8,1022,12:28
572,Andrew Peters\peteran01,26,BUF,LW,58,1,1,2,-1,125,-0.2,1,0,0,0,1,0,0,19,5.3,219,3:46
573,Toby Petersen\peterto01,28,EDM,C,64,6,9,15,-18,4,0.2,4,0,2,1,8,1,0,92,6.5,875,13:40
574,Ronald Petrovicky\petroro02,29,PIT,RW,31,3,3,6,4,28,0.6,3,0,0,1,3,0,0,27,11.1,259,8:20
575,Matt Pettinger\pettima01,26,WSH,LW,64,16,16,32,-13,22,2.5,9,4,3,2,8,6,2,111,14.4,1081,16:53
576,Rich Peverley\peverri01,24,NSH,C,13,0,1,1,-1,0,-0.1,0,0,0,0,1,0,0,9,0.0,98,7:31
577,Dion Phaneuf\phanedi01,21,CGY,D,79,17,33,50,10,98,8.8,4,13,0,4,15,18,0,230,7.4,2027,25:40
578,Chris Phillips\phillch02,28,OTT,D,82,8,18,26,36,80,6.8,7,0,1,3,14,0,4,94,8.5,1833,22:22
579,Alexandre Picard\picaral01,21,PHI,D,62,3,19,22,-19,17,2.4,2,1,0,0,13,6,0,56,5.4,1146,18:29
580,Alexandre Picard\picaral02,21,CBJ,LW,23,0,1,1,-3,6,-0.3,0,0,0,0,0,1,0,20,0.0,180,7:49
581,Tuomas Pihlman\pihlmtu01,24,NJD,LW,2,0,0,0,0,0,0.0,0,0,0,0,0,0,0,0,,13,6:32
582,Fernando Pisani\pisanfe01,30,EDM,RW,77,14,14,28,-1,40,2.4,11,2,1,0,11,2,1,142,9.9,1301,16:54
583,Joe Piskula\piskujo01,22,LAK,D,5,0,0,0,-3,6,-0.2,0,0,0,0,0,0,0,4,0.0,50,9:59
584,Joni Pitkänen\pitkajo01,23,PHI,D,77,4,39,43,-25,88,5.0,3,1,0,0,20,17,2,137,2.9,1890,24:33
585,Geoff Platt\plattge01,21,CBJ,C,26,4,5,9,1,10,1.0,4,0,0,0,4,1,0,40,10.0,262,10:04
586,Tomas Plekanec\plekato01,24,MTL,C,81,20,27,47,10,36,5.3,13,5,2,1,16,9,2,150,13.3,1294,15:59
587,Tomas Plihal\plihato01,23,SJS,C,3,0,0,0,0,0,0.0,0,0,0,0,0,0,0,10,0.0,29,9:44
588,Thomas Pock\pockth01,25,NYR,D,44,4,4,8,-4,16,1.8,4,0,0,0,2,2,0,76,5.3,714,16:14
589,John Pohl\pohljo01,27,TOR,C,74,13,16,29,-4,10,2.4,10,3,0,1,12,4,0,105,12.4,840,11:21
590,Roman Polák\polakro01,20,STL,D,19,0,0,0,-3,6,0.0,0,0,0,0,0,0,0,13,0.0,259,13:38
591,Vojtech Polak\polakvo01,21,DAL,LW,2,0,0,0,-1,0,-0.1,0,0,0,0,0,0,0,2,0.0,15,7:43
592,Jason Pominville\pominja01,24,BUF,RW,82,34,34,68,25,30,8.1,30,2,2,5,21,11,2,212,16.0,1428,17:25
593,Alexei Ponikarovsky\ponikal01,26,TOR,LW,71,21,24,45,8,63,4.6,15,6,0,1,19,5,0,198,10.6,1214,17:06
594,Mark Popovic\popovma01,24,ATL,D,3,0,1,1,1,0,0.2,0,0,0,0,1,0,0,1,0.0,31,10:15
595,Brian Pothier\pothibr01,29,WSH,D,72,3,25,28,-11,44,3.5,1,2,0,0,12,13,0,118,2.5,1727,23:59
596,Tom Poti\potito01,29,NYI,D,78,6,38,44,-1,74,6.3,0,6,0,1,11,26,1,134,4.5,2006,25:43
597,Ryan Potulny\potulry01,22,PHI,C,35,7,5,12,1,22,1.3,7,0,0,2,4,1,0,56,12.5,385,11:00
598,Benoit Pouliot\poulibe01,20,MIN,LW,3,0,0,0,-1,0,-0.1,0,0,0,0,0,0,0,1,0.0,21,6:58
599,Marc Pouliot\poulima01,21,EDM,C,46,4,7,11,-2,18,0.6,4,0,0,0,6,1,0,73,5.5,600,13:03
600,Nolan Pratt\prattno01,31,TBL,D,81,1,7,8,0,44,2.2,1,0,0,0,6,0,1,30,3.3,1279,15:47
601,Tom Preissing\preisto01,28,OTT,D,80,7,31,38,40,18,8.1,4,3,0,0,16,15,0,94,7.4,1220,15:15
602,Wayne Primeau\primewa01,30,TOT,C,78,10,12,22,-17,111,0.8,6,2,2,3,11,1,0,107,9.3,1056,13:33
603,David Printz\printda01,26,PHI,D,12,0,0,0,-3,4,-0.2,0,0,0,0,0,0,0,1,0.0,79,6:33
604,Chris Pronger*\prongch01,32,ANA,D,66,13,46,59,27,69,11.7,5,8,0,2,18,28,0,166,7.8,1789,27:06
605,Vinny Prospal\prospva01,31,TBL,C,82,14,41,55,-24,36,3.5,12,2,0,1,31,10,0,219,6.4,1563,19:04
606,Petr Prucha\pruchpe01,24,NYR,C,79,22,18,40,-7,30,4.4,14,8,0,2,10,8,0,136,16.2,1027,13:00
607,Brandon Prust\prustbr01,22,CGY,C,10,0,0,0,1,25,-0.1,0,0,0,0,0,0,0,1,0.0,61,6:03
608,Konstantin Pushkarev\pushkko01,21,LAK,RW,16,2,2,4,-2,8,0.3,2,0,0,0,2,0,0,10,20.0,147,9:10
609,Taylor Pyatt\pyattta01,25,VAN,LW,76,23,14,37,5,42,4.7,14,9,0,4,12,2,0,150,15.3,1061,13:58
610,Kyle Quincey\quincky01,21,DET,D,6,1,0,1,0,0,0.3,1,0,0,0,0,0,0,7,14.3,69,11:26
611,Deron Quint\quintde01,30,NYI,D,5,0,0,0,0,0,0.0,0,0,0,0,0,0,0,2,0.0,53,10:34
612,Karel Rachunek\rachuka01,27,NYR,D,66,6,20,26,-9,38,4.2,1,4,1,1,9,11,0,99,6.1,1279,19:23
613,Branko Radivojevic\radivbr01,26,MIN,RW,82,11,13,24,-9,21,1.7,7,4,0,3,9,4,0,116,9.5,1064,12:59
614,Alexander Radulov\radulal01,20,NSH,RW,64,18,19,37,19,26,4.9,13,5,0,4,13,6,0,96,18.8,745,11:38
615,Brian Rafalski\rafalbr01,33,NJD,D,82,8,47,55,4,34,10.4,4,3,1,4,20,27,0,148,5.4,2090,25:29
616,Paul Ranger\rangepa01,22,TBL,D,72,4,24,28,5,42,5.1,4,0,0,2,18,5,1,90,4.4,1463,20:19
617,Erik Rasmussen\rasmuer01,29,NJD,C,71,3,7,10,-3,25,0.3,3,0,0,0,7,0,0,80,3.8,672,9:28
618,Mike Rathje\rathjmi01,32,PHI,D,18,0,1,1,-7,6,0.0,0,0,0,0,1,0,0,13,0.0,375,20:49
619,Marty Reasoner\reasoma01,29,EDM,C,72,6,14,20,-15,60,0.6,6,0,0,1,12,0,2,84,7.1,999,13:52
620,Mark Recchi*\recchma01,38,PIT,RW,82,24,44,68,1,62,6.4,10,14,0,3,30,13,1,190,12.6,1616,19:42
621,Wade Redden\reddewa01,29,OTT,D,64,7,29,36,1,50,4.8,3,4,0,3,14,15,0,122,5.7,1466,22:54
622,Richie Regehr\regehri01,24,CGY,D,6,1,1,2,-1,0,0.3,0,1,0,0,0,1,0,4,25.0,52,8:44
623,Robyn Regehr\regehro01,26,CGY,D,78,2,19,21,27,75,5.4,2,0,0,0,12,5,2,66,3.0,1709,21:55
624,Steve Regier\regiest01,22,NYI,LW,1,0,0,0,0,0,0.0,0,0,0,0,0,0,0,0,,5,4:41
625,Jeremy Reich\reichje01,27,BOS,C,32,0,1,1,-10,63,-0.7,0,0,0,0,1,0,0,27,0.0,263,8:14
626,Brandon Reid\reidbr01,25,VAN,C,3,0,0,0,-1,0,-0.1,0,0,0,0,0,0,0,8,0.0,35,11:43
627,Darren Reid\reidda03,23,PHI,RW,14,0,0,0,-7,18,-0.5,0,0,0,0,0,0,0,8,0.0,114,8:11
628,Steve Reinprecht\reinpst01,30,PHX,C,49,9,24,33,-3,28,2.8,7,2,0,1,14,10,0,71,12.7,768,15:40
629,Erik Reitz\reitzer01,24,MIN,D,1,0,0,0,1,0,0.1,0,0,0,0,0,0,0,0,,11,10:36
630,Mike Ribeiro\ribeimi01,26,DAL,C,81,18,41,59,3,22,6.3,12,6,0,3,20,21,0,111,16.2,1210,14:56
631,Mike Ricci\riccimi01,35,PHX,C,7,0,1,1,-1,4,-0.1,0,0,0,0,1,0,0,4,0.0,69,9:54
632,Brad Richards\richabr01,26,TBL,C,82,25,45,70,-19,23,5.6,12,12,1,3,23,21,1,272,9.2,1977,24:07
633,Mike Richards\richami02,21,PHI,C,59,10,22,32,-12,52,2.0,5,1,4,3,17,5,0,130,7.7,1052,17:50
634,Brad Richardson\richabr02,21,COL,RW,73,14,8,22,4,28,2.0,11,0,3,3,8,0,0,129,10.9,961,13:10
635,Luke Richardson\richalu01,37,TBL,D,27,0,3,3,3,16,0.7,0,0,0,0,3,0,0,3,0.0,192,7:07
636,Danny Richmond\richmda01,22,CHI,D,22,0,2,2,-1,48,0.4,0,0,0,0,2,0,0,13,0.0,271,12:20
637,Patrick Rissmiller\rissmpa01,28,SJS,C,79,7,15,22,1,22,1.5,6,1,0,0,12,2,1,100,7.0,961,12:10
638,Byron Ritchie\ritchby01,29,CGY,C,64,8,6,14,3,68,1.1,7,0,1,0,5,0,1,46,17.4,625,9:46
639,Jamie Rivers\riverja01,31,STL,D,31,1,3,4,-7,36,0.3,0,1,0,0,2,0,1,17,5.9,440,14:11
640,Craig Rivet\rivetcr01,32,TOT,D,71,7,17,24,1,69,5.2,5,2,0,0,7,9,1,89,7.9,1537,21:39
641,Gary Roberts\roberga01,40,TOT,LW,69,20,22,42,0,97,4.1,14,6,0,4,13,9,0,125,16.0,1154,16:43
642,Stephane Robidas\robidst01,29,DAL,D,75,0,17,17,-1,86,4.1,0,0,0,0,6,11,0,106,0.0,1355,18:04
643,Randy Robitaille\robitra01,31,TOT,C,78,11,29,40,-6,44,2.9,8,3,0,1,23,6,0,120,9.2,1103,14:08
644,Travis Roche\rochetr01,28,PHX,D,50,6,13,19,2,22,3.6,4,2,0,1,6,7,0,32,18.8,851,17:01
645,Jeremy Roenick\roenije01,37,PHX,C,70,11,17,28,-18,32,1.5,7,4,0,1,13,4,0,89,12.4,973,13:54
646,Brian Rolston\rolstbr01,33,MIN,RW,78,31,33,64,6,46,7.6,17,13,1,6,11,21,1,305,10.2,1659,21:16
647,Aaron Rome\romeaa01,23,ANA,D,1,0,0,0,-1,0,-0.1,0,0,0,0,0,0,0,1,0.0,15,14:31
648,Allan Rourke\rourkal01,26,NYI,D,11,0,1,1,0,4,0.2,0,0,0,0,1,0,0,1,0.0,117,10:40
649,Andre Roy\royan01,31,TOT,RW,56,1,2,3,-4,128,-0.2,1,0,0,0,2,0,0,15,6.7,250,4:27
650,Derek Roy\royde01,23,BUF,C,75,21,42,63,37,60,6.8,14,6,1,3,33,8,1,130,16.2,1385,18:28
651,Mathieu Roy\royma01,23,EDM,D,16,2,0,2,-7,30,0.2,2,0,0,0,0,0,0,18,11.1,226,14:06
652,Michal Rozsíval\rozsimi01,28,NYR,D,80,10,30,40,10,52,8.3,3,7,0,3,15,13,2,104,9.6,1902,23:46
653,Steve Rucchin\rucchst01,35,ATL,C,47,5,16,21,-4,14,0.9,4,1,0,1,12,3,1,56,8.9,862,18:20
654,Martin Rucinsky\rucinma01,35,STL,LW,52,12,21,33,-3,48,2.9,8,4,0,3,14,7,0,96,12.5,870,16:43
655,Mike Rupp\ruppmi01,27,NJD,RW,76,6,3,9,-10,92,0.4,6,0,0,1,2,1,0,60,10.0,490,6:27
656,Jarkko Ruutu\ruutuja01,31,PIT,LW,81,7,9,16,0,125,0.9,7,0,0,2,9,0,0,63,11.1,756,9:20
657,Tuomo Ruutu\ruututu01,23,CHI,C,71,17,21,38,4,95,3.8,16,1,0,1,14,7,0,115,14.8,1232,17:21
658,Stefan Ruzicka\ruzicst01,21,PHI,RW,40,3,10,13,-6,18,0.5,2,1,0,0,7,3,0,75,4.0,509,12:44
659,Michael Ryan\ryanmi01,26,BUF,C,19,3,2,5,-8,2,-0.1,2,0,1,0,2,0,0,34,8.8,260,13:40
660,Mark Rycroft\rycroma01,28,COL,RW,66,6,6,12,3,31,0.8,6,0,0,2,6,0,0,74,8.1,622,9:25
661,Michael Ryder\rydermi01,26,MTL,RW,82,30,28,58,-25,60,6.0,11,17,2,3,11,17,0,221,13.6,1335,16:17
662,Rick Rypien\rypieri01,22,VAN,C,2,0,0,0,0,5,0.0,0,0,0,0,0,0,0,0,,10,4:46
663,Joe Sakic*\sakicjo01,37,COL,C,82,36,64,100,2,46,10.8,20,16,0,4,37,27,0,258,14.0,1655,20:11
664,Ruslan Salei\saleiru01,32,FLA,D,82,6,26,32,-13,102,4.1,4,2,0,0,8,18,0,148,4.1,1913,23:20
665,Tony Salmelainen\salmeto01,25,CHI,LW,57,6,11,17,-3,26,1.3,6,0,0,1,10,1,0,54,11.1,563,9:52
666,Sami Salo\salosa01,32,VAN,D,67,14,23,37,21,26,9.1,9,5,0,6,10,13,0,143,9.8,1437,21:27
667,Bryce Salvador\salvabr01,30,STL,D,64,2,5,7,-5,55,1.5,2,0,0,0,5,0,0,40,5.0,1263,19:44
668,Sergei Samsonov\samsose01,28,MTL,LW,63,9,17,26,-4,10,2.0,9,0,0,0,13,4,0,114,7.9,881,13:59
669,Mikael Samuelsson\samuemi01,30,DET,RW,53,14,20,34,1,28,3.6,8,6,0,2,12,8,0,189,7.4,803,15:09
670,Geoff Sanderson\sandege01,34,PHI,LW,58,11,18,29,-16,44,2.1,8,3,0,2,13,4,1,143,7.7,811,13:59
671,Tommi Santala\santato01,27,VAN,C,30,1,5,6,0,24,0.4,1,0,0,0,5,0,0,20,5.0,221,7:22
672,Oleg Saprykin\sapryol01,25,TOT,LW,71,15,21,36,5,58,3.8,13,2,0,2,19,2,0,150,10.0,885,12:28
673,Cory Sarich\saricco01,28,TBL,D,82,0,15,15,-6,70,2.5,0,0,0,0,14,0,1,64,0.0,1485,18:07
674,Miroslav Satan\satanmi01,32,NYI,RW,81,27,32,59,-12,46,5.3,19,7,1,2,18,14,0,216,12.5,1505,18:35
675,Kurt Sauer\sauerku01,26,COL,D,48,0,6,6,-3,24,1.0,0,0,0,0,5,0,1,29,0.0,880,18:20
676,Marc Savard\savarma01,29,BOS,C,82,22,74,96,-19,96,8.7,11,10,1,3,35,39,0,221,10.0,1658,20:13
677,Dave Scatchard\scatcda01,30,PHX,C,46,3,5,8,-18,72,-0.7,3,0,0,1,4,0,1,77,3.9,622,13:31
678,Peter Schaefer\schaepe01,29,OTT,LW,77,12,34,46,7,32,3.5,7,5,0,2,25,8,1,132,9.1,1288,16:44
679,Mathieu Schneider\schnema01,37,DET,D,68,11,41,52,12,66,9.1,8,2,1,2,12,29,0,184,6.0,1603,23:35
680,Rob Schremp\schrero01,20,EDM,C,1,0,0,0,0,0,0.0,0,0,0,0,0,0,0,2,0.0,14,13:50
681,Christoph Schubert\schubch01,24,OTT,D,80,8,17,25,30,56,6.0,7,1,0,1,16,1,0,97,8.2,898,11:13
682,Jeff Schultz\schulje02,20,WSH,D,38,0,3,3,5,16,1.1,0,0,0,0,3,0,0,22,0.0,692,18:13
683,Jesse Schultz\schulje01,24,VAN,RW,2,0,0,0,0,0,0.0,0,0,0,0,0,0,0,6,0.0,20,10:09
684,Nick Schultz\schulni01,24,MIN,D,82,2,10,12,0,42,4.2,2,0,0,1,10,0,0,69,2.9,1657,20:13
685,Rob Scuderi\scudero01,28,PIT,D,78,1,10,11,3,28,2.6,1,0,0,0,9,0,1,31,3.2,1467,18:49
686,Brent Seabrook\seabrbr01,21,CHI,D,81,4,20,24,-6,104,4.3,4,0,0,0,14,4,2,144,2.8,1683,20:46
687,Daniel Sedin\sedinda01,26,VAN,LW,81,36,48,84,19,36,10.7,20,16,0,8,30,18,0,236,15.3,1463,18:04
688,Henrik Sedin\sedinhe01,26,VAN,C,82,10,71,81,19,66,7.7,9,1,0,2,37,34,0,134,7.5,1511,18:26
689,Dennis Seidenberg\seidede01,25,TOT,D,52,2,6,8,-16,18,0.6,2,0,0,0,6,0,0,83,2.4,841,16:10
690,Peter Sejna\sejnape01,27,STL,LW,22,3,1,4,2,4,0.4,3,0,0,0,1,0,0,34,8.8,220,10:00
691,Andrej Sekera\sekeran01,20,BUF,D,2,0,0,0,1,2,0.1,0,0,0,0,0,0,0,0,,15,7:31
692,Teemu Selänne*\selante01,36,ANA,RW,82,48,46,94,26,82,13.0,23,25,0,10,23,23,0,257,18.7,1451,17:42
693,Alexei Semenov\semenal01,25,FLA,D,23,0,5,5,9,28,1.4,0,0,0,0,4,1,0,23,0.0,285,12:22
694,Alexander Semin\seminal01,22,WSH,LW,77,38,35,73,-7,90,8.8,21,17,0,6,14,21,0,243,15.6,1417,18:24
695,Brendan Shanahan*\shanabr01,38,NYR,LW,67,29,33,62,2,47,7.2,12,14,3,3,15,17,1,295,9.8,1328,19:49
696,Ryan Shannon\shannry01,23,ANA,RW,53,2,9,11,-2,10,0.3,2,0,0,0,9,0,0,77,2.6,564,10:39
697,Patrick Sharp\sharppa01,25,CHI,RW,80,20,15,35,-15,74,2.8,12,5,3,1,14,0,1,160,12.5,1366,17:04
698,Jody Shelley\shelljo01,30,CBJ,LW,72,1,1,2,-6,125,-0.5,1,0,0,0,1,0,0,32,3.1,350,4:52
699,Jonathan Sigalet\sigaljo02,20,BOS,D,1,0,0,0,-2,4,-0.1,0,0,0,0,0,0,0,1,0.0,15,14:41
700,Mike Sillinger\sillimi01,35,NYI,C,82,26,33,59,5,46,5.8,13,11,2,3,20,12,1,152,17.1,1584,19:19
701,Jon Sim\simjo01,29,ATL,LW,77,17,12,29,-1,60,3.1,15,2,0,1,11,1,0,141,12.1,904,11:45
702,Chris Simon\simonch01,35,NYI,LW,67,10,17,27,17,75,3.0,8,2,0,0,15,2,0,82,12.2,737,11:00
703,Fredrik Sjostrom\sjostfr01,23,PHX,RW,78,9,9,18,-11,48,0.4,7,2,0,1,9,0,0,125,7.2,1101,14:07
704,Martin Skoula\skoulma01,27,MIN,D,81,0,15,15,9,36,4.9,0,0,0,0,14,1,0,91,0.0,1639,20:14
705,Karlis Skrastins\skraska01,32,COL,D,68,0,11,11,0,30,2.1,0,0,0,0,11,0,0,65,0.0,1443,21:14
706,Jim Slater\slateji01,24,ATL,C,74,5,14,19,8,62,1.4,5,0,0,2,13,1,0,90,5.6,757,10:14
707,Ladislav Smid\smidla01,20,EDM,D,77,3,7,10,-16,37,2.6,3,0,0,0,6,1,0,53,5.7,1481,19:14
708,Jason Smith\smithja01,33,EDM,D,82,2,9,11,-13,103,3.3,2,0,0,1,9,0,0,61,3.3,1733,21:08
709,Mark Smith\smithma01,29,SJS,C,41,3,10,13,-4,42,0.8,1,2,0,0,8,2,0,38,7.9,427,10:25
710,Nathan Smith\smithna02,24,VAN,C,1,0,0,0,0,0,0.0,0,0,0,0,0,0,0,0,,9,8:45
711,Wyatt Smith\smithwy01,29,MIN,C,61,3,3,6,-8,16,-0.3,2,1,0,0,3,0,0,44,6.8,580,9:31
712,Jerred Smithson\smithje01,27,NSH,C,64,5,7,12,-8,42,0.0,3,1,1,2,7,0,0,47,10.6,707,11:03
713,Bryan Smolinski\smolibr01,35,TOT,C,82,18,26,44,7,37,4.2,8,6,4,3,19,6,1,163,11.0,1475,17:59
714,Ryan Smyth\smythry01,30,TOT,LW,71,36,32,68,2,52,8.4,20,15,1,5,24,7,1,210,17.1,1472,20:44
715,Brent Sopel\sopelbr01,30,TOT,D,64,5,23,28,2,24,5.1,3,2,0,2,16,6,1,131,3.8,1297,20:16
716,Sheldon Souray\sourash01,30,MTL,D,81,26,38,64,-28,135,9.5,6,19,1,6,7,29,2,224,11.6,1878,23:11
717,Jaroslav Spacek\spaceja01,32,BUF,D,65,5,16,21,20,62,4.1,4,1,0,2,8,8,0,78,6.4,1245,19:09
718,Jason Spezza\spezzja01,23,OTT,C,67,34,53,87,19,45,10.4,20,13,1,5,32,20,1,162,21.0,1292,19:17
719,Janis Sprukts\sprukja01,25,FLA,C,13,1,2,3,1,2,0.3,1,0,0,0,1,1,0,10,10.0,82,6:19
720,Martin St. Louis*\stlouma01,31,TBL,RW,82,43,59,102,7,28,11.8,24,14,5,7,37,16,6,273,15.8,1981,24:09
721,Martin St. Pierre\stpiema01,23,CHI,C,14,1,3,4,-3,8,0.1,0,1,0,0,3,0,0,13,7.7,175,12:29
722,Eric Staal\staaler01,22,CAR,C,82,30,40,70,-6,68,7.1,17,12,1,1,26,14,0,288,10.4,1650,20:08
723,Jordan Staal\staaljo01,18,PIT,C,81,29,13,42,16,24,5.6,18,4,7,4,9,2,2,131,22.1,1210,14:56
724,Drew Stafford\staffdr01,21,BUF,RW,41,13,14,27,5,33,3.0,10,3,0,3,13,1,0,67,19.4,539,13:08
725,Steve Staios\staiost01,33,EDM,D,58,2,15,17,-5,97,3.7,2,0,0,0,13,2,0,71,2.8,1240,21:23
726,Matt Stajan\stajama01,23,TOR,C,82,10,29,39,3,44,2.4,8,1,1,1,23,6,0,132,7.6,1324,16:09
727,Paul Stastny\stastpa01,21,COL,C,82,28,50,78,4,42,8.1,17,11,0,6,29,20,1,185,15.1,1490,18:10
728,Yan Stastny\stastya01,24,BOS,C,21,0,2,2,-3,19,-0.2,0,0,0,0,2,0,0,7,0.0,157,7:28
729,David Steckel\steckda01,24,WSH,LW,5,0,0,0,-2,2,-0.2,0,0,0,0,0,0,0,4,0.0,62,12:26
730,Alex Steen\steenal01,22,TOR,C,82,15,20,35,5,26,2.7,11,4,0,5,16,3,1,192,7.8,1287,15:42
731,Patrik Stefan\stefapa01,26,DAL,C,41,5,6,11,5,10,1.1,4,0,1,1,6,0,0,41,12.2,501,12:13
732,Lee Stempniak\stemple01,23,STL,RW,82,27,25,52,-2,33,5.8,19,8,0,4,14,11,0,166,16.3,1207,14:43
733,Shay Stephenson\stephsh01,23,LAK,LW,2,0,0,0,0,0,0.0,0,0,0,0,0,0,0,0,,15,7:19
734,Anthony Stewart\stewaan01,22,FLA,C,10,0,1,1,1,2,0.0,0,0,0,0,1,0,0,8,0.0,69,6:51
735,Karl Stewart\stewaka01,23,TOT,LW,47,2,3,5,-5,47,-0.2,1,0,1,0,3,0,0,21,9.5,407,8:40
736,Cory Stillman\stillco01,33,CAR,LW,43,5,22,27,-8,24,1.7,4,1,0,0,10,12,0,85,5.9,749,17:25
737,Jarret Stoll\stollja01,24,EDM,C,51,13,26,39,2,48,4.1,6,6,1,2,14,11,1,115,11.3,928,18:12
738,Zack Stortini\stortza01,21,EDM,RW,29,1,0,1,-7,105,-0.4,1,0,0,0,0,0,0,17,5.9,207,7:09
739,Martin Straka\strakma01,34,NYR,C,77,29,41,70,16,24,8.2,21,8,0,6,20,20,1,165,17.6,1536,19:57
740,Mark Streit\streima01,29,MTL,D,76,10,26,36,-5,14,5.7,7,2,1,1,14,12,0,102,9.8,1065,14:01
741,Jason Strudwick\strudja01,31,NYR,D,8,0,0,0,0,2,0.1,0,0,0,0,0,0,0,3,0.0,109,13:40
742,Brad Stuart\stuarbr02,27,TOT,D,75,7,15,22,-10,44,3.8,6,1,0,2,13,1,1,109,6.4,1716,22:53
743,Mark Stuart\stuarma01,22,BOS,D,15,0,1,1,7,14,0.8,0,0,0,0,1,0,0,4,0.0,156,10:23
744,Jozef Stümpel\stumpjo01,34,FLA,C,73,23,34,57,2,22,5.6,12,9,2,4,18,16,0,131,17.6,1396,19:07
745,Marco Sturm\sturmma01,28,BOS,LW,76,27,17,44,-24,46,4.1,15,10,2,1,9,8,0,224,12.1,1413,18:36
746,Alexander Suglobov\sugloal01,25,TOR,RW,14,0,0,0,-6,4,-0.5,0,0,0,0,0,0,0,17,0.0,104,7:25
747,Steve Sullivan\sullist01,32,NSH,RW,57,22,38,60,16,20,6.9,13,6,3,4,20,17,1,122,18.0,1107,19:25
748,Mats Sundin*\sundima01,35,TOR,C,75,27,49,76,-2,62,7.3,20,6,1,3,21,28,0,321,8.4,1535,20:28
749,Ryan Suter\suterry01,22,NSH,D,82,8,16,24,10,54,5.4,7,1,0,0,6,8,2,87,9.2,1652,20:09
750,Brian Sutherby\suthebr01,24,WSH,C,69,7,10,17,-9,78,0.3,6,1,0,0,10,0,0,87,8.0,945,13:41
751,Andy Sutton\suttoan01,31,ATL,D,55,2,14,16,6,76,3.1,1,0,1,0,13,1,0,51,3.9,1070,19:28
752,Marek Svatos\svatoma01,24,COL,RW,66,15,15,30,1,46,3.1,7,8,0,2,12,3,0,179,8.4,825,12:30
753,Alexander Svitov\svitoal01,24,CBJ,C,76,7,11,18,-10,145,0.5,6,1,0,2,8,3,0,83,8.4,1047,13:47
754,Darryl Sydor\sydorda01,34,DAL,D,74,5,16,21,-4,36,5.0,3,2,0,1,12,4,0,75,6.7,1491,20:09
755,Petr Sykora\sykorpe01,30,EDM,C,82,22,31,53,-20,40,4.9,16,6,0,6,12,19,0,206,10.7,1366,16:40
756,Danny Syvret\syvreda01,21,EDM,D,16,0,1,1,-10,6,-0.2,0,0,0,0,1,0,0,15,0.0,296,18:28
757,Jeff Taffe\taffeje01,25,PHX,LW,17,4,2,6,-7,2,0.3,3,1,0,0,0,2,0,34,11.8,241,14:12
758,Maxime Talbot\talboma01,22,PIT,C,75,13,11,24,-2,53,1.7,9,0,4,4,10,1,0,88,14.8,1042,13:54
759,Barry Tallackson\tallaba01,23,NJD,RW,3,0,0,0,-1,0,-0.1,0,0,0,0,0,0,0,3,0.0,36,12:06
760,Henrik Tallinder\tallihe01,28,BUF,D,47,4,10,14,19,34,3.3,4,0,0,0,10,0,0,34,11.8,993,21:07
761,Jeff Tambellini\tambeje01,22,NYI,LW,23,2,7,9,6,6,1.0,2,0,0,0,7,0,0,20,10.0,166,7:14
762,David Tanabe\tanabda01,26,CAR,D,60,5,12,17,5,44,3.7,3,2,0,0,8,4,0,83,6.0,1068,17:48
763,Alex Tanguay\tangual01,27,CGY,LW,81,22,59,81,12,44,8.2,17,5,0,0,43,16,0,107,20.6,1431,17:40
764,Nick Tarnasky\tarnani01,22,TBL,C,77,5,4,9,-6,80,0.3,5,0,0,1,4,0,0,41,12.2,500,6:30
765,Tim Taylor\tayloti01,37,TBL,C,71,1,5,6,-5,16,-0.5,1,0,0,1,5,0,0,59,1.7,562,7:55
766,Petr Tenkrat\tenkrpe01,29,BOS,RW,64,9,5,14,-16,34,0.4,7,2,0,1,4,1,0,82,11.0,801,12:31
767,Bill Thomas\thomabi01,23,PHX,RW,24,8,6,14,-6,2,1.4,4,4,0,1,3,3,0,60,13.3,324,13:29
768,Nate Thompson\thompna01,22,BOS,C,4,0,0,0,0,0,0.0,0,0,0,0,0,0,0,5,0.0,19,4:46
769,Chris Thorburn\thorbch01,23,PIT,C,39,3,2,5,1,69,0.3,3,0,0,1,2,0,0,40,7.5,308,7:54
770,Patrick Thoresen\thorepa01,23,EDM,LW,68,4,12,16,-1,52,0.9,3,0,1,2,10,2,0,73,5.5,777,11:25
771,Joe Thornton\thornjo01,27,SJS,C,82,22,92,114,24,44,12.2,12,10,0,5,48,44,0,213,10.3,1666,20:19
772,Scott Thornton\thornsc01,36,LAK,LW,58,7,6,13,-15,85,0.1,6,0,1,0,4,1,1,65,10.8,719,12:24
773,Shawn Thornton\thornsh01,29,ANA,LW,48,2,7,9,3,88,0.5,2,0,0,0,6,1,0,60,3.3,405,8:26
774,Jussi Timonen\timonju01,23,PHI,D,14,0,4,4,-10,6,-0.2,0,0,0,0,4,0,0,8,0.0,199,14:11
775,Kimmo Timonen\timonki01,31,NSH,D,80,13,42,55,20,42,9.9,5,8,0,2,23,18,1,121,10.7,1748,21:51
776,Daniel Tjarnqvist\tjarnda01,30,EDM,D,37,3,12,15,3,30,3.5,1,2,0,0,7,4,1,33,9.1,840,22:42
777,Mathias Tjarnqvist\tjarnma01,27,TOT,LW,44,6,7,13,-5,6,0.8,5,0,1,0,7,0,0,44,13.6,552,12:33
778,Keith Tkachuk\tkachke01,34,TOT,LW,79,27,31,58,11,126,6.6,17,10,0,4,21,9,1,196,13.8,1382,17:29
779,Ole-Kristian Tollefsen\tolleol01,22,CBJ,D,70,2,3,5,2,123,2.3,1,1,0,0,3,0,0,39,5.1,996,14:14
780,Jordin Tootoo\tootojo01,23,NSH,RW,65,3,6,9,-11,116,-0.3,3,0,0,0,6,0,0,77,3.9,546,8:24
781,Raffi Torres\torrera01,25,EDM,LW,82,15,19,34,-7,88,3.1,14,1,0,0,19,0,0,154,9.7,1175,14:19
782,Yannick Tremblay\trembya01,31,VAN,D,12,1,2,3,-6,12,0.2,0,1,0,0,0,2,0,30,3.3,153,12:44
783,Darcy Tucker\tuckeda01,31,TOR,RW,56,24,19,43,-11,81,4.4,9,15,0,6,13,6,0,143,16.8,996,17:47
784,Lauri Tukonen\tukonla01,20,LAK,RW,4,0,0,0,-2,0,-0.1,0,0,0,0,0,0,0,1,0.0,26,6:33
785,Pierre Turgeon\turgepi01,37,COL,C,17,4,3,7,-1,10,0.8,3,1,0,0,1,2,0,31,12.9,173,10:10
786,Oleg Tverdovsky\tverdol01,30,LAK,D,26,0,4,4,-10,10,-0.1,0,0,0,0,2,2,0,26,0.0,308,11:50
787,Fedor Tyutin\tyutife01,23,NYR,D,66,2,12,14,-8,44,2.7,0,1,1,0,10,1,1,75,2.7,1322,20:02
788,R.J. Umberger\umberrj01,24,PHI,C,81,16,12,28,-32,41,1.2,12,2,2,1,8,1,3,134,11.9,1178,14:32
789,Scottie Upshall\upshasc01,23,TOT,RW,32,8,8,16,3,26,1.7,6,1,1,4,6,2,0,87,9.2,472,14:45
790,Ossi Vaananen\vaanaos01,26,COL,D,74,2,6,8,6,69,2.2,2,0,0,1,6,0,0,32,6.3,1060,14:20
791,Mike Van Ryn\vanrymi01,27,FLA,D,78,4,25,29,-5,64,4.1,3,1,0,0,15,9,1,121,3.3,1649,21:08
792,Jim Vandermeer\vandeji01,26,CHI,D,46,1,6,7,-3,53,1.5,1,0,0,0,5,1,0,50,2.0,820,17:50
793,Thomas Vanek\vanekth01,23,BUF,LW,82,43,41,84,47,40,11.6,28,15,0,5,34,7,0,237,18.1,1376,16:47
794,Josef Vasicek\vasicjo01,26,TOT,C,63,6,16,22,-5,51,1.1,6,0,0,0,12,3,1,77,7.8,843,13:23
795,Stephane Veilleux\veillst01,25,MIN,LW,75,7,11,18,3,47,1.3,7,0,0,1,10,0,1,84,8.3,922,12:17
796,Antoine Vermette\vermean01,24,OTT,C,77,19,20,39,-2,52,3.3,14,2,3,2,16,3,1,151,12.6,1210,15:42
797,J.P. Vigier\vigiejp01,30,ATL,RW,72,5,8,13,0,27,0.4,5,0,0,0,7,0,1,83,6.0,792,11:00
798,Vitaly Vishnevski\vishnvi01,26,TOT,D,67,3,10,13,-4,41,2.2,3,0,0,0,9,0,1,47,6.4,1154,17:13
799,Lubomir Visnovsky\visnolu01,30,LAK,D,69,18,40,58,1,26,9.5,10,8,0,0,15,25,0,159,11.3,1687,24:27
800,Marc-Edouard Vlasic\vlasima01,19,SJS,D,81,3,23,26,13,18,6.6,1,2,0,0,12,10,1,66,4.5,1798,22:12
801,Anton Volchenkov\volchan01,24,OTT,D,78,1,18,19,37,67,5.4,1,0,0,0,13,1,4,85,1.2,1660,21:17
802,Radim Vrbata\vrbatra01,25,CHI,RW,77,14,27,41,-4,26,3.3,9,5,0,2,20,6,1,215,6.5,1300,16:53
803,David Výborný\vyborda01,32,CBJ,RW,82,16,48,64,6,60,5.8,10,6,0,2,27,21,0,158,10.1,1668,20:20
804,Matt Walker\walkema01,26,STL,D,48,0,5,5,7,72,1.6,0,0,0,0,5,0,0,34,0.0,732,15:15
805,Scott Walker\walkesc01,33,CAR,RW,81,21,30,51,-10,45,4.7,15,6,0,6,24,6,0,183,11.5,1310,16:10
806,Niclas Wallin\wallini01,31,CAR,D,67,2,8,10,-2,48,2.3,2,0,0,0,8,0,0,76,2.6,1242,18:33
807,Derrick Walser\walsede01,28,CBJ,D,9,2,0,2,-1,0,0.5,0,2,0,0,0,0,0,10,20.0,110,12:14
808,Ben Walter\waltebe01,22,BOS,C,4,0,0,0,0,0,0.0,0,0,0,0,0,0,0,0,,25,6:11
809,Wes Walz\walzwe01,36,MIN,C,62,9,15,24,3,30,2.2,8,0,1,1,15,0,0,77,11.7,923,14:53
810,Kyle Wanvig\wanviky01,26,TBL,RW,4,0,0,0,0,0,0.0,0,0,0,0,0,0,0,0,,21,5:12
811,Aaron Ward\wardaa01,34,TOT,D,80,4,12,16,-11,75,3.2,4,0,0,0,12,0,0,62,6.5,1614,20:11
812,Jason Ward\wardja01,28,TOT,RW,70,8,11,19,-15,40,0.7,7,0,1,1,9,1,1,108,7.4,883,12:37
813,Joel Ward\wardjo02,26,MIN,RW,11,0,1,1,0,0,0.0,0,0,0,0,1,0,0,12,0.0,85,7:42
814,Rhett Warrener\warrerh01,31,CGY,D,62,4,6,10,6,67,2.5,2,1,1,1,5,0,1,31,12.9,1062,17:08
815,Mike Weaver\weavemi01,28,LAK,D,39,3,6,9,-4,16,1.5,2,1,0,1,6,0,0,22,13.6,598,15:20
816,Shea Weber\webersh01,21,NSH,D,79,17,23,40,13,60,8.1,11,6,0,2,14,8,1,152,11.2,1532,19:23
817,Doug Weight\weighdo01,36,STL,C,82,16,43,59,10,56,5.3,11,5,0,3,28,15,0,123,13.0,1500,18:17
818,Mattias Weinhandl\weinhma01,26,MIN,RW,12,1,1,2,-2,10,0.1,1,0,0,0,1,0,0,3,33.3,78,6:28
819,Stephen Weiss\weissst01,23,FLA,C,74,20,28,48,-1,28,4.5,10,10,0,1,15,11,2,176,11.4,1266,17:07
820,Noah Welch\welchno01,24,TOT,D,24,2,1,3,4,24,1.1,2,0,0,0,1,0,0,18,11.1,335,13:57
821,Kyle Wellwood\wellwky01,23,TOR,C,48,12,30,42,3,0,4.0,5,7,0,2,16,14,0,99,12.1,798,16:38
822,Glen Wesley\weslegl01,38,CAR,D,68,1,12,13,11,56,3.3,0,0,1,1,10,1,1,51,2.0,1060,15:35
823,Duvie Westcott\westcdu01,29,CBJ,D,23,4,6,10,-13,18,1.1,2,2,0,1,2,4,0,34,11.8,509,22:09
824,Erik Westrum\westrer01,27,TOR,C,2,0,0,0,0,0,0.0,0,0,0,0,0,0,0,0,,7,3:31
825,Colin White\whiteco01,29,NJD,D,69,0,8,8,-8,69,3.0,0,0,0,0,8,0,0,47,0.0,1550,22:28
826,Ian White\whiteia01,22,TOR,D,76,3,23,26,8,40,4.2,2,1,0,1,18,5,0,138,2.2,1408,18:32
827,Todd White\whiteto02,31,MIN,C,77,13,31,44,8,24,4.3,6,6,1,1,22,8,1,162,8.0,1326,17:13
828,Ray Whitney\whitnra01,34,CAR,LW,81,32,51,83,-5,46,9.0,26,6,0,6,27,24,0,215,14.9,1515,18:42
829,Ryan Whitney\whitnry01,23,PIT,D,81,14,45,59,9,77,9.8,5,9,0,2,20,24,1,129,10.9,1939,23:56
830,Dennis Wideman\widemde01,23,TOT,D,75,6,19,25,-10,71,3.7,2,4,0,1,8,11,0,122,4.9,1458,19:26
831,Jason Williams\willija01,26,TOT,C,78,15,17,32,1,44,2.8,9,5,1,2,14,3,0,149,10.1,1203,15:26
832,Jeremy Williams\willije01,23,TOR,RW,1,1,0,1,1,0,0.2,1,0,0,0,0,0,0,3,33.3,7,7:18
833,Justin Williams\williju01,25,CAR,RW,82,33,34,67,-11,73,6.8,19,12,2,8,19,12,3,258,12.8,1710,20:51
834,Brian Willsie\willsbr01,28,LAK,RW,81,11,10,21,-20,49,0.5,9,2,0,1,8,2,0,131,8.4,1084,13:23
835,Brad Winchester\winchbr01,25,EDM,LW,59,4,5,9,-10,86,0.2,4,0,0,0,5,0,0,66,6.1,476,8:04
836,James Wisniewski\wisnija01,22,CHI,D,50,2,8,10,3,39,2.6,2,0,0,0,7,1,0,55,3.6,950,19:00
837,Brendan Witt\wittbr01,31,NYI,D,81,1,13,14,14,131,3.7,1,0,0,0,13,0,0,75,1.3,1753,21:39
838,Wojtek Wolski\wolskwo01,20,COL,LW,76,22,28,50,2,14,5.2,15,7,0,2,17,10,1,165,13.3,1180,15:31
839,Jeff Woywitka\woywije01,23,STL,D,34,1,6,7,4,12,1.5,1,0,0,0,6,0,0,28,3.6,502,14:45
840,Andy Wozniewski\woznian01,26,TOR,D,15,0,2,2,-1,14,0.2,0,0,0,0,2,0,0,10,0.0,209,13:55
841,Keith Yandle\yandlke01,20,PHX,D,7,0,2,2,0,8,0.3,0,0,0,0,0,2,0,10,0.0,141,20:10
842,Alexei Yashin\yashial01,33,NYI,C,58,18,32,50,6,44,5.2,13,5,0,3,16,16,0,203,8.9,990,17:04
843,Stephane Yelle\yellest01,32,CGY,C,56,10,14,24,5,32,2.1,8,1,1,1,12,0,2,55,18.2,819,14:37
844,Jason York\yorkja01,36,BOS,D,49,1,7,8,-14,32,0.6,1,0,0,0,6,0,1,27,3.7,641,13:04
845,Mike York\yorkmi01,29,TOT,LW,66,10,11,21,-18,22,0.9,8,2,0,2,10,1,0,87,11.5,825,12:30
846,Bryan Young\youngbr02,20,EDM,D,15,0,0,0,-8,10,-0.4,0,0,0,0,0,0,0,2,0.0,152,10:06
847,Travis Zajac\zajactr01,21,NJD,C,80,17,25,42,1,16,4.2,11,6,0,2,19,6,0,134,12.7,1283,16:03
848,Greg Zanon\zanongr01,26,NSH,D,66,3,5,8,16,32,3.3,3,0,0,0,5,0,0,43,7.0,1144,17:20
849,Richard Zednik\zedniri01,31,TOT,LW,42,7,14,21,-6,18,1.5,6,1,0,1,9,5,0,83,8.4,631,15:01
850,John Zeiler\zeilejo01,24,LAK,RW,23,1,2,3,-2,22,0.0,1,0,0,0,2,0,0,12,8.3,198,8:36
851,Henrik Zetterberg\zettehe01,26,DET,LW,63,33,35,68,26,36,9.2,21,11,1,10,20,13,2,224,14.7,1313,20:50
852,Nikolai Zherdev\zherdni01,22,CBJ,RW,71,10,22,32,-19,26,1.7,7,3,0,2,13,9,0,164,6.1,1152,16:13
853,Alexei Zhitnik\zhitnal01,34,TOT,D,79,7,31,38,1,92,6.4,4,3,0,2,19,11,1,132,5.3,1904,24:06
854,Marek Zidlicky\zidlima01,29,NSH,D,79,4,26,30,8,72,5.3,2,2,0,1,18,8,0,114,3.5,1558,19:43
855,Mike Zigomanis\zigommi01,26,PHX,C,75,14,9,23,-8,46,1.5,11,2,1,0,8,1,0,142,9.9,1116,14:53
856,Sergei Zubov*\zubovse01,36,DAL,D,78,12,42,54,0,26,10.4,3,9,0,3,11,31,0,156,7.7,2024,25:57
857,Dainius Zubrus\zubruda01,28,TOT,RW,79,24,36,60,-19,62,5.0,14,10,0,4,23,13,0,158,15.2,1540,19:29
858,Andrei Zyuzin\zyuzian01,29,CGY,D,49,1,5,6,-2,30,0.9,1,0,0,0,5,0,0,36,2.8,677,13:49